Name,Description,File Name,Quantity
Wago_221-413,,D:/Work/ArribadaInitiative/2026/cad-marlin-ots/CAD_INTERNAL/FREECAD_FILES/Assemblies/Marlin_Core_OTS_SubAssembly_PowerPlate.FCStd,2
Wago_221-415,,D:/Work/ArribadaInitiative/2026/cad-marlin-ots/CAD_INTERNAL/FREECAD_FILES/Assemblies/Marlin_Core_OTS_SubAssembly_PowerPlate.FCStd,2
MARLIN_CORE_TracoPowerRegulator,,D:/Work/ArribadaInitiative/2026/cad-marlin-ots/CAD_INTERNAL/FREECAD_FILES/Assemblies/Marlin_Core_OTS_SubAssembly_PowerPlate.FCStd,1
MARLIN_CORE_TracoPowerRegulator,,D:/Work/ArribadaInitiative/2026/cad-marlin-ots/CAD_INTERNAL/FREECAD_FILES/Assemblies/MARLIN_Core_OTS_SubAssembly_TracoPowerRegulator.FCStd,1
ten_60-2412win,,D:/Work/ArribadaInitiative/2026/cad-marlin-ots/CAD_INTERNAL/FREECAD_FILES/Assemblies/MARLIN_Core_OTS_SubAssembly_TracoPowerRegulator.FCStd,2
TracoPowerRegulator,,D:/Work/ArribadaInitiative/2026/cad-marlin-ots/CAD_INTERNAL/FREECAD_FILES/Assemblies/MARLIN_Core_OTS_SubAssembly_TracoPowerRegulator.FCStd,2
2445PScrewTerminalBlock_VIN-GND,,D:/Work/ArribadaInitiative/2026/cad-marlin-ots/CAD_INTERNAL/FREECAD_FILES/Assemblies/MARLIN_Core_OTS_SubAssembly_TracoPowerRegulator.FCStd,2
"2445P Screw Terminal Block- 2 Pin, 3.5mm Pitch",,D:/Work/ArribadaInitiative/2026/cad-marlin-ots/CAD_INTERNAL/FREECAD_FILES/Assemblies/MARLIN_Core_OTS_SubAssembly_TracoPowerRegulator.FCStd,1
"2445P Screw Terminal Block- 2 Pin, 3.5mm Pitch001",,D:/Work/ArribadaInitiative/2026/cad-marlin-ots/CAD_INTERNAL/FREECAD_FILES/Assemblies/MARLIN_Core_OTS_SubAssembly_TracoPowerRegulator.FCStd,1
"2445P Screw Terminal Block- 2 Pin, 3.5mm Pitch002",,D:/Work/ArribadaInitiative/2026/cad-marlin-ots/CAD_INTERNAL/FREECAD_FILES/Assemblies/MARLIN_Core_OTS_SubAssembly_TracoPowerRegulator.FCStd,1
"2445P Screw Terminal Block- 2 Pin, 3.5mm Pitch003",,D:/Work/ArribadaInitiative/2026/cad-marlin-ots/CAD_INTERNAL/FREECAD_FILES/Assemblies/MARLIN_Core_OTS_SubAssembly_TracoPowerRegulator.FCStd,1
"2445P Screw Terminal Block- 2 Pin, 3.5mm Pitch004",,D:/Work/ArribadaInitiative/2026/cad-marlin-ots/CAD_INTERNAL/FREECAD_FILES/Assemblies/MARLIN_Core_OTS_SubAssembly_TracoPowerRegulator.FCStd,1
2445PScrewTerminalBlock_VOUT-GND,,D:/Work/ArribadaInitiative/2026/cad-marlin-ots/CAD_INTERNAL/FREECAD_FILES/Assemblies/MARLIN_Core_OTS_SubAssembly_TracoPowerRegulator.FCStd,2
"2445P Screw Terminal Block- 2 Pin, 3.5mm Pitch005",,D:/Work/ArribadaInitiative/2026/cad-marlin-ots/CAD_INTERNAL/FREECAD_FILES/Assemblies/MARLIN_Core_OTS_SubAssembly_TracoPowerRegulator.FCStd,1
"2445P Screw Terminal Block- 2 Pin, 3.5mm Pitch006",,D:/Work/ArribadaInitiative/2026/cad-marlin-ots/CAD_INTERNAL/FREECAD_FILES/Assemblies/MARLIN_Core_OTS_SubAssembly_TracoPowerRegulator.FCStd,1
"2445P Screw Terminal Block- 2 Pin, 3.5mm Pitch007",,D:/Work/ArribadaInitiative/2026/cad-marlin-ots/CAD_INTERNAL/FREECAD_FILES/Assemblies/MARLIN_Core_OTS_SubAssembly_TracoPowerRegulator.FCStd,1
"2445P Screw Terminal Block- 2 Pin, 3.5mm Pitch008",,D:/Work/ArribadaInitiative/2026/cad-marlin-ots/CAD_INTERNAL/FREECAD_FILES/Assemblies/MARLIN_Core_OTS_SubAssembly_TracoPowerRegulator.FCStd,1
"2445P Screw Terminal Block- 2 Pin, 3.5mm Pitch009",,D:/Work/ArribadaInitiative/2026/cad-marlin-ots/CAD_INTERNAL/FREECAD_FILES/Assemblies/MARLIN_Core_OTS_SubAssembly_TracoPowerRegulator.FCStd,1
R_D2.5_P10.6_0.25W_47_Ohm_MKV_Horizontal,,D:/Work/ArribadaInitiative/2026/cad-marlin-ots/CAD_INTERNAL/FREECAD_FILES/Assemblies/MARLIN_Core_OTS_SubAssembly_TracoPowerRegulator.FCStd,2
Nose_MKV001,,D:/Work/ArribadaInitiative/2026/cad-marlin-ots/CAD_INTERNAL/FREECAD_FILES/Assemblies/MARLIN_Core_OTS_SubAssembly_TracoPowerRegulator.FCStd,1
Band_1_MKV001,,D:/Work/ArribadaInitiative/2026/cad-marlin-ots/CAD_INTERNAL/FREECAD_FILES/Assemblies/MARLIN_Core_OTS_SubAssembly_TracoPowerRegulator.FCStd,1
Segment_1_MKV001,,D:/Work/ArribadaInitiative/2026/cad-marlin-ots/CAD_INTERNAL/FREECAD_FILES/Assemblies/MARLIN_Core_OTS_SubAssembly_TracoPowerRegulator.FCStd,1
Band_2_MKV001,,D:/Work/ArribadaInitiative/2026/cad-marlin-ots/CAD_INTERNAL/FREECAD_FILES/Assemblies/MARLIN_Core_OTS_SubAssembly_TracoPowerRegulator.FCStd,1
Segment_2_MKV001,,D:/Work/ArribadaInitiative/2026/cad-marlin-ots/CAD_INTERNAL/FREECAD_FILES/Assemblies/MARLIN_Core_OTS_SubAssembly_TracoPowerRegulator.FCStd,1
Band_3_MKV001,,D:/Work/ArribadaInitiative/2026/cad-marlin-ots/CAD_INTERNAL/FREECAD_FILES/Assemblies/MARLIN_Core_OTS_SubAssembly_TracoPowerRegulator.FCStd,1
Segment_3_MKV001,,D:/Work/ArribadaInitiative/2026/cad-marlin-ots/CAD_INTERNAL/FREECAD_FILES/Assemblies/MARLIN_Core_OTS_SubAssembly_TracoPowerRegulator.FCStd,1
Band_4_MKV001,,D:/Work/ArribadaInitiative/2026/cad-marlin-ots/CAD_INTERNAL/FREECAD_FILES/Assemblies/MARLIN_Core_OTS_SubAssembly_TracoPowerRegulator.FCStd,1
Segment_4_MKIV001,,D:/Work/ArribadaInitiative/2026/cad-marlin-ots/CAD_INTERNAL/FREECAD_FILES/Assemblies/MARLIN_Core_OTS_SubAssembly_TracoPowerRegulator.FCStd,1
Band_5_MKV001,,D:/Work/ArribadaInitiative/2026/cad-marlin-ots/CAD_INTERNAL/FREECAD_FILES/Assemblies/MARLIN_Core_OTS_SubAssembly_TracoPowerRegulator.FCStd,1
Butt_MKV001,,D:/Work/ArribadaInitiative/2026/cad-marlin-ots/CAD_INTERNAL/FREECAD_FILES/Assemblies/MARLIN_Core_OTS_SubAssembly_TracoPowerRegulator.FCStd,1
Leg_MedianRadius0.6_MKV001,,D:/Work/ArribadaInitiative/2026/cad-marlin-ots/CAD_INTERNAL/FREECAD_FILES/Assemblies/MARLIN_Core_OTS_SubAssembly_TracoPowerRegulator.FCStd,1
Leg_MedianRadius0.6_clone_MKV001,,D:/Work/ArribadaInitiative/2026/cad-marlin-ots/CAD_INTERNAL/FREECAD_FILES/Assemblies/MARLIN_Core_OTS_SubAssembly_TracoPowerRegulator.FCStd,1
Traco_TEN-HS1,,D:/Work/ArribadaInitiative/2026/cad-marlin-ots/CAD_INTERNAL/FREECAD_FILES/Assemblies/MARLIN_Core_OTS_SubAssembly_TracoPowerRegulator.FCStd,2
PowerMount,,D:/Work/ArribadaInitiative/2026/cad-marlin-ots/CAD_INTERNAL/FREECAD_FILES/Assemblies/Marlin_Core_OTS_SubAssembly_PowerPlate.FCStd,1
MARLIN_CORE_Waveshare_UPS,,D:/Work/ArribadaInitiative/2026/cad-marlin-ots/CAD_INTERNAL/FREECAD_FILES/Assemblies/Marlin_Core_OTS_SubAssembly_PowerPlate.FCStd,1
MARLIN_CORE_Waveshare_UPS,,D:/Work/ArribadaInitiative/2026/cad-marlin-ots/CAD_INTERNAL/FREECAD_FILES/Assemblies/MARLIN_Core_OTS_SubAssembly_WaveshareUPS.FCStd,1
UPS_Module_3S_TRev_Solid,,D:/Work/ArribadaInitiative/2026/cad-marlin-ots/CAD_INTERNAL/FREECAD_FILES/Assemblies/MARLIN_Core_OTS_SubAssembly_WaveshareUPS.FCStd,2
Battery_18650_001,,D:/Work/ArribadaInitiative/2026/cad-marlin-ots/CAD_INTERNAL/FREECAD_FILES/Assemblies/MARLIN_Core_OTS_SubAssembly_WaveshareUPS.FCStd,2
Battery_18650_002,,D:/Work/ArribadaInitiative/2026/cad-marlin-ots/CAD_INTERNAL/FREECAD_FILES/Assemblies/MARLIN_Core_OTS_SubAssembly_WaveshareUPS.FCStd,2
Battery_18650_003,,D:/Work/ArribadaInitiative/2026/cad-marlin-ots/CAD_INTERNAL/FREECAD_FILES/Assemblies/MARLIN_Core_OTS_SubAssembly_WaveshareUPS.FCStd,2
65375-SIP-M2-6-A2,,D:/Work/ArribadaInitiative/2026/cad-marlin-ots/CAD_INTERNAL/FREECAD_FILES/Assemblies/Marlin_Core_OTS_SubAssembly_PowerPlate.FCStd,5
WagoConnectorHousing,,D:/Work/ArribadaInitiative/2026/cad-marlin-ots/CAD_INTERNAL/FREECAD_FILES/Assemblies/Marlin_Core_OTS_SubAssembly_PowerPlate.FCStd,1
9243-SPP-M2-8-A2,,D:/Work/ArribadaInitiative/2026/cad-marlin-ots/CAD_INTERNAL/FREECAD_FILES/Assemblies/Marlin_Core_OTS_SubAssembly_PowerPlate.FCStd,3
504849-HPS-4-2.2-5-POM-BL,,D:/Work/ArribadaInitiative/2026/cad-marlin-ots/CAD_INTERNAL/FREECAD_FILES/Assemblies/Marlin_Core_OTS_SubAssembly_PowerPlate.FCStd,6
7903-HPN-M2-A4,,D:/Work/ArribadaInitiative/2026/cad-marlin-ots/CAD_INTERNAL/FREECAD_FILES/Assemblies/Marlin_Core_OTS_SubAssembly_PowerPlate.FCStd,9
464633-HHTPS-M2-4-5-SS,,D:/Work/ArribadaInitiative/2026/cad-marlin-ots/CAD_INTERNAL/FREECAD_FILES/Assemblies/Marlin_Core_OTS_SubAssembly_PowerPlate.FCStd,2
464707-HHTPS-M3-5-40-S-Z,,D:/Work/ArribadaInitiative/2026/cad-marlin-ots/CAD_INTERNAL/FREECAD_FILES/Assemblies/Marlin_Core_OTS_SubAssembly_PowerPlate.FCStd,1
464707-HHTPS-M3-5-40-S-Z001,,D:/Work/ArribadaInitiative/2026/cad-marlin-ots/CAD_INTERNAL/FREECAD_FILES/Assemblies/Marlin_Core_OTS_SubAssembly_PowerPlate.FCStd,1
464707-HHTPS-M3-5-40-S-Z002,,D:/Work/ArribadaInitiative/2026/cad-marlin-ots/CAD_INTERNAL/FREECAD_FILES/Assemblies/Marlin_Core_OTS_SubAssembly_PowerPlate.FCStd,1
464707-HHTPS-M3-5-40-S-Z003,,D:/Work/ArribadaInitiative/2026/cad-marlin-ots/CAD_INTERNAL/FREECAD_FILES/Assemblies/Marlin_Core_OTS_SubAssembly_PowerPlate.FCStd,1
PCBStack,,D:/Work/ArribadaInitiative/2026/cad-marlin-ots/CAD_INTERNAL/FREECAD_FILES/Assemblies/Marlin_Core_OTS_SubAssembly_PowerPlate.FCStd,1
PCBStack,,D:/Work/ArribadaInitiative/2026/cad-marlin-ots/CAD_INTERNAL/FREECAD_FILES/Assemblies/MARLIN_Core_OTS_SubAssembly_PCBStack.FCStd,1
Wings_SMD_Breakout,,D:/Work/ArribadaInitiative/2026/cad-marlin-ots/CAD_INTERNAL/FREECAD_FILES/Assemblies/MARLIN_Core_OTS_SubAssembly_PCBStack.FCStd,2
Board003,,D:/Work/ArribadaInitiative/2026/cad-marlin-ots/CAD_INTERNAL/FREECAD_FILES/Assemblies/MARLIN_Core_OTS_SubAssembly_PCBStack.FCStd,1
Open CASCADE STEP translator 7.5 1.1.002,,D:/Work/ArribadaInitiative/2026/cad-marlin-ots/CAD_INTERNAL/FREECAD_FILES/Assemblies/MARLIN_Core_OTS_SubAssembly_PCBStack.FCStd,1
R30,,D:/Work/ArribadaInitiative/2026/cad-marlin-ots/CAD_INTERNAL/FREECAD_FILES/Assemblies/MARLIN_Core_OTS_SubAssembly_PCBStack.FCStd,1
7.07551e+09,,D:/Work/ArribadaInitiative/2026/cad-marlin-ots/CAD_INTERNAL/FREECAD_FILES/Assemblies/MARLIN_Core_OTS_SubAssembly_PCBStack.FCStd,1
R28,,D:/Work/ArribadaInitiative/2026/cad-marlin-ots/CAD_INTERNAL/FREECAD_FILES/Assemblies/MARLIN_Core_OTS_SubAssembly_PCBStack.FCStd,1
6.89859e+09,,D:/Work/ArribadaInitiative/2026/cad-marlin-ots/CAD_INTERNAL/FREECAD_FILES/Assemblies/MARLIN_Core_OTS_SubAssembly_PCBStack.FCStd,1
C5,,D:/Work/ArribadaInitiative/2026/cad-marlin-ots/CAD_INTERNAL/FREECAD_FILES/Assemblies/MARLIN_Core_OTS_SubAssembly_PCBStack.FCStd,1
6.8986e+12,,D:/Work/ArribadaInitiative/2026/cad-marlin-ots/CAD_INTERNAL/FREECAD_FILES/Assemblies/MARLIN_Core_OTS_SubAssembly_PCBStack.FCStd,1
6.8986e+09,,D:/Work/ArribadaInitiative/2026/cad-marlin-ots/CAD_INTERNAL/FREECAD_FILES/Assemblies/MARLIN_Core_OTS_SubAssembly_PCBStack.FCStd,1
6.8986e+12,,D:/Work/ArribadaInitiative/2026/cad-marlin-ots/CAD_INTERNAL/FREECAD_FILES/Assemblies/MARLIN_Core_OTS_SubAssembly_PCBStack.FCStd,1
6.8986e+12,,D:/Work/ArribadaInitiative/2026/cad-marlin-ots/CAD_INTERNAL/FREECAD_FILES/Assemblies/MARLIN_Core_OTS_SubAssembly_PCBStack.FCStd,1
C4,,D:/Work/ArribadaInitiative/2026/cad-marlin-ots/CAD_INTERNAL/FREECAD_FILES/Assemblies/MARLIN_Core_OTS_SubAssembly_PCBStack.FCStd,1
6.89859e+12,,D:/Work/ArribadaInitiative/2026/cad-marlin-ots/CAD_INTERNAL/FREECAD_FILES/Assemblies/MARLIN_Core_OTS_SubAssembly_PCBStack.FCStd,1
6.89859e+09,,D:/Work/ArribadaInitiative/2026/cad-marlin-ots/CAD_INTERNAL/FREECAD_FILES/Assemblies/MARLIN_Core_OTS_SubAssembly_PCBStack.FCStd,1
6.89859e+12,,D:/Work/ArribadaInitiative/2026/cad-marlin-ots/CAD_INTERNAL/FREECAD_FILES/Assemblies/MARLIN_Core_OTS_SubAssembly_PCBStack.FCStd,1
6.89859e+12,,D:/Work/ArribadaInitiative/2026/cad-marlin-ots/CAD_INTERNAL/FREECAD_FILES/Assemblies/MARLIN_Core_OTS_SubAssembly_PCBStack.FCStd,1
U1,,D:/Work/ArribadaInitiative/2026/cad-marlin-ots/CAD_INTERNAL/FREECAD_FILES/Assemblies/MARLIN_Core_OTS_SubAssembly_PCBStack.FCStd,1
8.51346e+09,,D:/Work/ArribadaInitiative/2026/cad-marlin-ots/CAD_INTERNAL/FREECAD_FILES/Assemblies/MARLIN_Core_OTS_SubAssembly_PCBStack.FCStd,1
Array012,,D:/Work/ArribadaInitiative/2026/cad-marlin-ots/CAD_INTERNAL/FREECAD_FILES/Assemblies/MARLIN_Core_OTS_SubAssembly_PCBStack.FCStd,1
Array,,D:/Work/ArribadaInitiative/2026/cad-marlin-ots/CAD_INTERNAL/FREECAD_FILES/Assemblies/MARLIN_Core_OTS_SubAssembly_PCBStack.FCStd,1
Array001,,D:/Work/ArribadaInitiative/2026/cad-marlin-ots/CAD_INTERNAL/FREECAD_FILES/Assemblies/MARLIN_Core_OTS_SubAssembly_PCBStack.FCStd,1
Array002,,D:/Work/ArribadaInitiative/2026/cad-marlin-ots/CAD_INTERNAL/FREECAD_FILES/Assemblies/MARLIN_Core_OTS_SubAssembly_PCBStack.FCStd,1
Array003,,D:/Work/ArribadaInitiative/2026/cad-marlin-ots/CAD_INTERNAL/FREECAD_FILES/Assemblies/MARLIN_Core_OTS_SubAssembly_PCBStack.FCStd,1
Array004,,D:/Work/ArribadaInitiative/2026/cad-marlin-ots/CAD_INTERNAL/FREECAD_FILES/Assemblies/MARLIN_Core_OTS_SubAssembly_PCBStack.FCStd,1
Array005,,D:/Work/ArribadaInitiative/2026/cad-marlin-ots/CAD_INTERNAL/FREECAD_FILES/Assemblies/MARLIN_Core_OTS_SubAssembly_PCBStack.FCStd,1
Array006,,D:/Work/ArribadaInitiative/2026/cad-marlin-ots/CAD_INTERNAL/FREECAD_FILES/Assemblies/MARLIN_Core_OTS_SubAssembly_PCBStack.FCStd,1
Array007,,D:/Work/ArribadaInitiative/2026/cad-marlin-ots/CAD_INTERNAL/FREECAD_FILES/Assemblies/MARLIN_Core_OTS_SubAssembly_PCBStack.FCStd,1
Array008,,D:/Work/ArribadaInitiative/2026/cad-marlin-ots/CAD_INTERNAL/FREECAD_FILES/Assemblies/MARLIN_Core_OTS_SubAssembly_PCBStack.FCStd,1
Array009,,D:/Work/ArribadaInitiative/2026/cad-marlin-ots/CAD_INTERNAL/FREECAD_FILES/Assemblies/MARLIN_Core_OTS_SubAssembly_PCBStack.FCStd,1
Array010,,D:/Work/ArribadaInitiative/2026/cad-marlin-ots/CAD_INTERNAL/FREECAD_FILES/Assemblies/MARLIN_Core_OTS_SubAssembly_PCBStack.FCStd,1
Array011,,D:/Work/ArribadaInitiative/2026/cad-marlin-ots/CAD_INTERNAL/FREECAD_FILES/Assemblies/MARLIN_Core_OTS_SubAssembly_PCBStack.FCStd,1
Body,,D:/Work/ArribadaInitiative/2026/cad-marlin-ots/CAD_INTERNAL/FREECAD_FILES/Assemblies/MARLIN_Core_OTS_SubAssembly_PCBStack.FCStd,1
J7,,D:/Work/ArribadaInitiative/2026/cad-marlin-ots/CAD_INTERNAL/FREECAD_FILES/Assemblies/MARLIN_Core_OTS_SubAssembly_PCBStack.FCStd,1
8.51411e+12,,D:/Work/ArribadaInitiative/2026/cad-marlin-ots/CAD_INTERNAL/FREECAD_FILES/Assemblies/MARLIN_Core_OTS_SubAssembly_PCBStack.FCStd,1
8.51411e+09,,D:/Work/ArribadaInitiative/2026/cad-marlin-ots/CAD_INTERNAL/FREECAD_FILES/Assemblies/MARLIN_Core_OTS_SubAssembly_PCBStack.FCStd,1
8.51411e+12,,D:/Work/ArribadaInitiative/2026/cad-marlin-ots/CAD_INTERNAL/FREECAD_FILES/Assemblies/MARLIN_Core_OTS_SubAssembly_PCBStack.FCStd,1
8.51411e+12,,D:/Work/ArribadaInitiative/2026/cad-marlin-ots/CAD_INTERNAL/FREECAD_FILES/Assemblies/MARLIN_Core_OTS_SubAssembly_PCBStack.FCStd,1
8.51411e+12,,D:/Work/ArribadaInitiative/2026/cad-marlin-ots/CAD_INTERNAL/FREECAD_FILES/Assemblies/MARLIN_Core_OTS_SubAssembly_PCBStack.FCStd,1
8.51411e+12,,D:/Work/ArribadaInitiative/2026/cad-marlin-ots/CAD_INTERNAL/FREECAD_FILES/Assemblies/MARLIN_Core_OTS_SubAssembly_PCBStack.FCStd,1
8.51411e+12,,D:/Work/ArribadaInitiative/2026/cad-marlin-ots/CAD_INTERNAL/FREECAD_FILES/Assemblies/MARLIN_Core_OTS_SubAssembly_PCBStack.FCStd,1
8.51411e+12,,D:/Work/ArribadaInitiative/2026/cad-marlin-ots/CAD_INTERNAL/FREECAD_FILES/Assemblies/MARLIN_Core_OTS_SubAssembly_PCBStack.FCStd,1
J6,,D:/Work/ArribadaInitiative/2026/cad-marlin-ots/CAD_INTERNAL/FREECAD_FILES/Assemblies/MARLIN_Core_OTS_SubAssembly_PCBStack.FCStd,1
8.51346e+09,,D:/Work/ArribadaInitiative/2026/cad-marlin-ots/CAD_INTERNAL/FREECAD_FILES/Assemblies/MARLIN_Core_OTS_SubAssembly_PCBStack.FCStd,1
M20-88904_MOULD,,D:/Work/ArribadaInitiative/2026/cad-marlin-ots/CAD_INTERNAL/FREECAD_FILES/Assemblies/MARLIN_Core_OTS_SubAssembly_PCBStack.FCStd,1
M20-889_CONTACT,,D:/Work/ArribadaInitiative/2026/cad-marlin-ots/CAD_INTERNAL/FREECAD_FILES/Assemblies/MARLIN_Core_OTS_SubAssembly_PCBStack.FCStd,1
M20-889_CONTACT001,,D:/Work/ArribadaInitiative/2026/cad-marlin-ots/CAD_INTERNAL/FREECAD_FILES/Assemblies/MARLIN_Core_OTS_SubAssembly_PCBStack.FCStd,1
M20-889_CONTACT002,,D:/Work/ArribadaInitiative/2026/cad-marlin-ots/CAD_INTERNAL/FREECAD_FILES/Assemblies/MARLIN_Core_OTS_SubAssembly_PCBStack.FCStd,1
M20-889_CONTACT003,,D:/Work/ArribadaInitiative/2026/cad-marlin-ots/CAD_INTERNAL/FREECAD_FILES/Assemblies/MARLIN_Core_OTS_SubAssembly_PCBStack.FCStd,1
J5,,D:/Work/ArribadaInitiative/2026/cad-marlin-ots/CAD_INTERNAL/FREECAD_FILES/Assemblies/MARLIN_Core_OTS_SubAssembly_PCBStack.FCStd,1
8.51346e+09,,D:/Work/ArribadaInitiative/2026/cad-marlin-ots/CAD_INTERNAL/FREECAD_FILES/Assemblies/MARLIN_Core_OTS_SubAssembly_PCBStack.FCStd,1
M20-88904_MOULD001,,D:/Work/ArribadaInitiative/2026/cad-marlin-ots/CAD_INTERNAL/FREECAD_FILES/Assemblies/MARLIN_Core_OTS_SubAssembly_PCBStack.FCStd,1
M20-889_CONTACT004,,D:/Work/ArribadaInitiative/2026/cad-marlin-ots/CAD_INTERNAL/FREECAD_FILES/Assemblies/MARLIN_Core_OTS_SubAssembly_PCBStack.FCStd,1
M20-889_CONTACT005,,D:/Work/ArribadaInitiative/2026/cad-marlin-ots/CAD_INTERNAL/FREECAD_FILES/Assemblies/MARLIN_Core_OTS_SubAssembly_PCBStack.FCStd,1
M20-889_CONTACT006,,D:/Work/ArribadaInitiative/2026/cad-marlin-ots/CAD_INTERNAL/FREECAD_FILES/Assemblies/MARLIN_Core_OTS_SubAssembly_PCBStack.FCStd,1
M20-889_CONTACT007,,D:/Work/ArribadaInitiative/2026/cad-marlin-ots/CAD_INTERNAL/FREECAD_FILES/Assemblies/MARLIN_Core_OTS_SubAssembly_PCBStack.FCStd,1
R24,,D:/Work/ArribadaInitiative/2026/cad-marlin-ots/CAD_INTERNAL/FREECAD_FILES/Assemblies/MARLIN_Core_OTS_SubAssembly_PCBStack.FCStd,1
6.89859e+09,,D:/Work/ArribadaInitiative/2026/cad-marlin-ots/CAD_INTERNAL/FREECAD_FILES/Assemblies/MARLIN_Core_OTS_SubAssembly_PCBStack.FCStd,1
R26,,D:/Work/ArribadaInitiative/2026/cad-marlin-ots/CAD_INTERNAL/FREECAD_FILES/Assemblies/MARLIN_Core_OTS_SubAssembly_PCBStack.FCStd,1
6.89858e+09,,D:/Work/ArribadaInitiative/2026/cad-marlin-ots/CAD_INTERNAL/FREECAD_FILES/Assemblies/MARLIN_Core_OTS_SubAssembly_PCBStack.FCStd,1
term1,,D:/Work/ArribadaInitiative/2026/cad-marlin-ots/CAD_INTERNAL/FREECAD_FILES/Assemblies/MARLIN_Core_OTS_SubAssembly_PCBStack.FCStd,1
term2,,D:/Work/ArribadaInitiative/2026/cad-marlin-ots/CAD_INTERNAL/FREECAD_FILES/Assemblies/MARLIN_Core_OTS_SubAssembly_PCBStack.FCStd,1
body,,D:/Work/ArribadaInitiative/2026/cad-marlin-ots/CAD_INTERNAL/FREECAD_FILES/Assemblies/MARLIN_Core_OTS_SubAssembly_PCBStack.FCStd,1
SW002,,D:/Work/ArribadaInitiative/2026/cad-marlin-ots/CAD_INTERNAL/FREECAD_FILES/Assemblies/MARLIN_Core_OTS_SubAssembly_PCBStack.FCStd,1
TL1015AF160QG001,,D:/Work/ArribadaInitiative/2026/cad-marlin-ots/CAD_INTERNAL/FREECAD_FILES/Assemblies/MARLIN_Core_OTS_SubAssembly_PCBStack.FCStd,1
TL1015 BODY001,,D:/Work/ArribadaInitiative/2026/cad-marlin-ots/CAD_INTERNAL/FREECAD_FILES/Assemblies/MARLIN_Core_OTS_SubAssembly_PCBStack.FCStd,1
TL1015 COVER001,,D:/Work/ArribadaInitiative/2026/cad-marlin-ots/CAD_INTERNAL/FREECAD_FILES/Assemblies/MARLIN_Core_OTS_SubAssembly_PCBStack.FCStd,1
TL1015 ACTUATOR001,,D:/Work/ArribadaInitiative/2026/cad-marlin-ots/CAD_INTERNAL/FREECAD_FILES/Assemblies/MARLIN_Core_OTS_SubAssembly_PCBStack.FCStd,1
TL1015 TERM002,,D:/Work/ArribadaInitiative/2026/cad-marlin-ots/CAD_INTERNAL/FREECAD_FILES/Assemblies/MARLIN_Core_OTS_SubAssembly_PCBStack.FCStd,1
TL1015 TERM003,,D:/Work/ArribadaInitiative/2026/cad-marlin-ots/CAD_INTERNAL/FREECAD_FILES/Assemblies/MARLIN_Core_OTS_SubAssembly_PCBStack.FCStd,1
SMD002,,D:/Work/ArribadaInitiative/2026/cad-marlin-ots/CAD_INTERNAL/FREECAD_FILES/Assemblies/MARLIN_Core_OTS_SubAssembly_PCBStack.FCStd,1
module-BGA_RG-4layers001,,D:/Work/ArribadaInitiative/2026/cad-marlin-ots/CAD_INTERNAL/FREECAD_FILES/Assemblies/MARLIN_Core_OTS_SubAssembly_PCBStack.FCStd,1
Board004,,D:/Work/ArribadaInitiative/2026/cad-marlin-ots/CAD_INTERNAL/FREECAD_FILES/Assemblies/MARLIN_Core_OTS_SubAssembly_PCBStack.FCStd,1
Open CASCADE STEP translator 7.5 1.1.003,,D:/Work/ArribadaInitiative/2026/cad-marlin-ots/CAD_INTERNAL/FREECAD_FILES/Assemblies/MARLIN_Core_OTS_SubAssembly_PCBStack.FCStd,1
C33,,D:/Work/ArribadaInitiative/2026/cad-marlin-ots/CAD_INTERNAL/FREECAD_FILES/Assemblies/MARLIN_Core_OTS_SubAssembly_PCBStack.FCStd,1
6.1852e+09,,D:/Work/ArribadaInitiative/2026/cad-marlin-ots/CAD_INTERNAL/FREECAD_FILES/Assemblies/MARLIN_Core_OTS_SubAssembly_PCBStack.FCStd,1
Extruded,,D:/Work/ArribadaInitiative/2026/cad-marlin-ots/CAD_INTERNAL/FREECAD_FILES/Assemblies/MARLIN_Core_OTS_SubAssembly_PCBStack.FCStd,1
C32,,D:/Work/ArribadaInitiative/2026/cad-marlin-ots/CAD_INTERNAL/FREECAD_FILES/Assemblies/MARLIN_Core_OTS_SubAssembly_PCBStack.FCStd,1
6.1852e+09,,D:/Work/ArribadaInitiative/2026/cad-marlin-ots/CAD_INTERNAL/FREECAD_FILES/Assemblies/MARLIN_Core_OTS_SubAssembly_PCBStack.FCStd,1
Extruded063,,D:/Work/ArribadaInitiative/2026/cad-marlin-ots/CAD_INTERNAL/FREECAD_FILES/Assemblies/MARLIN_Core_OTS_SubAssembly_PCBStack.FCStd,1
C27,,D:/Work/ArribadaInitiative/2026/cad-marlin-ots/CAD_INTERNAL/FREECAD_FILES/Assemblies/MARLIN_Core_OTS_SubAssembly_PCBStack.FCStd,1
6.1852e+12,,D:/Work/ArribadaInitiative/2026/cad-marlin-ots/CAD_INTERNAL/FREECAD_FILES/Assemblies/MARLIN_Core_OTS_SubAssembly_PCBStack.FCStd,1
Extruded064,,D:/Work/ArribadaInitiative/2026/cad-marlin-ots/CAD_INTERNAL/FREECAD_FILES/Assemblies/MARLIN_Core_OTS_SubAssembly_PCBStack.FCStd,1
FB1,,D:/Work/ArribadaInitiative/2026/cad-marlin-ots/CAD_INTERNAL/FREECAD_FILES/Assemblies/MARLIN_Core_OTS_SubAssembly_PCBStack.FCStd,1
6.06979e+12,,D:/Work/ArribadaInitiative/2026/cad-marlin-ots/CAD_INTERNAL/FREECAD_FILES/Assemblies/MARLIN_Core_OTS_SubAssembly_PCBStack.FCStd,1
6.06979e+09,,D:/Work/ArribadaInitiative/2026/cad-marlin-ots/CAD_INTERNAL/FREECAD_FILES/Assemblies/MARLIN_Core_OTS_SubAssembly_PCBStack.FCStd,1
6.06979e+12,,D:/Work/ArribadaInitiative/2026/cad-marlin-ots/CAD_INTERNAL/FREECAD_FILES/Assemblies/MARLIN_Core_OTS_SubAssembly_PCBStack.FCStd,1
6.06979e+12,,D:/Work/ArribadaInitiative/2026/cad-marlin-ots/CAD_INTERNAL/FREECAD_FILES/Assemblies/MARLIN_Core_OTS_SubAssembly_PCBStack.FCStd,1
C48,,D:/Work/ArribadaInitiative/2026/cad-marlin-ots/CAD_INTERNAL/FREECAD_FILES/Assemblies/MARLIN_Core_OTS_SubAssembly_PCBStack.FCStd,1
6.1852e+12,,D:/Work/ArribadaInitiative/2026/cad-marlin-ots/CAD_INTERNAL/FREECAD_FILES/Assemblies/MARLIN_Core_OTS_SubAssembly_PCBStack.FCStd,1
Extruded065,,D:/Work/ArribadaInitiative/2026/cad-marlin-ots/CAD_INTERNAL/FREECAD_FILES/Assemblies/MARLIN_Core_OTS_SubAssembly_PCBStack.FCStd,1
C16,,D:/Work/ArribadaInitiative/2026/cad-marlin-ots/CAD_INTERNAL/FREECAD_FILES/Assemblies/MARLIN_Core_OTS_SubAssembly_PCBStack.FCStd,1
6.20766e+09,,D:/Work/ArribadaInitiative/2026/cad-marlin-ots/CAD_INTERNAL/FREECAD_FILES/Assemblies/MARLIN_Core_OTS_SubAssembly_PCBStack.FCStd,1
Extruded066,,D:/Work/ArribadaInitiative/2026/cad-marlin-ots/CAD_INTERNAL/FREECAD_FILES/Assemblies/MARLIN_Core_OTS_SubAssembly_PCBStack.FCStd,1
L3,,D:/Work/ArribadaInitiative/2026/cad-marlin-ots/CAD_INTERNAL/FREECAD_FILES/Assemblies/MARLIN_Core_OTS_SubAssembly_PCBStack.FCStd,1
6.06979e+12,,D:/Work/ArribadaInitiative/2026/cad-marlin-ots/CAD_INTERNAL/FREECAD_FILES/Assemblies/MARLIN_Core_OTS_SubAssembly_PCBStack.FCStd,1
6.06979e+09,,D:/Work/ArribadaInitiative/2026/cad-marlin-ots/CAD_INTERNAL/FREECAD_FILES/Assemblies/MARLIN_Core_OTS_SubAssembly_PCBStack.FCStd,1
6.06979e+12,,D:/Work/ArribadaInitiative/2026/cad-marlin-ots/CAD_INTERNAL/FREECAD_FILES/Assemblies/MARLIN_Core_OTS_SubAssembly_PCBStack.FCStd,1
6.06979e+12,,D:/Work/ArribadaInitiative/2026/cad-marlin-ots/CAD_INTERNAL/FREECAD_FILES/Assemblies/MARLIN_Core_OTS_SubAssembly_PCBStack.FCStd,1
6.06979e+12,,D:/Work/ArribadaInitiative/2026/cad-marlin-ots/CAD_INTERNAL/FREECAD_FILES/Assemblies/MARLIN_Core_OTS_SubAssembly_PCBStack.FCStd,1
6.06979e+12,,D:/Work/ArribadaInitiative/2026/cad-marlin-ots/CAD_INTERNAL/FREECAD_FILES/Assemblies/MARLIN_Core_OTS_SubAssembly_PCBStack.FCStd,1
R7,,D:/Work/ArribadaInitiative/2026/cad-marlin-ots/CAD_INTERNAL/FREECAD_FILES/Assemblies/MARLIN_Core_OTS_SubAssembly_PCBStack.FCStd,1
6.06979e+09,,D:/Work/ArribadaInitiative/2026/cad-marlin-ots/CAD_INTERNAL/FREECAD_FILES/Assemblies/MARLIN_Core_OTS_SubAssembly_PCBStack.FCStd,1
term003,,D:/Work/ArribadaInitiative/2026/cad-marlin-ots/CAD_INTERNAL/FREECAD_FILES/Assemblies/MARLIN_Core_OTS_SubAssembly_PCBStack.FCStd,1
term004,,D:/Work/ArribadaInitiative/2026/cad-marlin-ots/CAD_INTERNAL/FREECAD_FILES/Assemblies/MARLIN_Core_OTS_SubAssembly_PCBStack.FCStd,1
body001,,D:/Work/ArribadaInitiative/2026/cad-marlin-ots/CAD_INTERNAL/FREECAD_FILES/Assemblies/MARLIN_Core_OTS_SubAssembly_PCBStack.FCStd,1
L10,,D:/Work/ArribadaInitiative/2026/cad-marlin-ots/CAD_INTERNAL/FREECAD_FILES/Assemblies/MARLIN_Core_OTS_SubAssembly_PCBStack.FCStd,1
6.06979e+09,,D:/Work/ArribadaInitiative/2026/cad-marlin-ots/CAD_INTERNAL/FREECAD_FILES/Assemblies/MARLIN_Core_OTS_SubAssembly_PCBStack.FCStd,1
Rect1,,D:/Work/ArribadaInitiative/2026/cad-marlin-ots/CAD_INTERNAL/FREECAD_FILES/Assemblies/MARLIN_Core_OTS_SubAssembly_PCBStack.FCStd,1
Rect2,,D:/Work/ArribadaInitiative/2026/cad-marlin-ots/CAD_INTERNAL/FREECAD_FILES/Assemblies/MARLIN_Core_OTS_SubAssembly_PCBStack.FCStd,1
Rect3,,D:/Work/ArribadaInitiative/2026/cad-marlin-ots/CAD_INTERNAL/FREECAD_FILES/Assemblies/MARLIN_Core_OTS_SubAssembly_PCBStack.FCStd,1
Rect4,,D:/Work/ArribadaInitiative/2026/cad-marlin-ots/CAD_INTERNAL/FREECAD_FILES/Assemblies/MARLIN_Core_OTS_SubAssembly_PCBStack.FCStd,1
Rect5,,D:/Work/ArribadaInitiative/2026/cad-marlin-ots/CAD_INTERNAL/FREECAD_FILES/Assemblies/MARLIN_Core_OTS_SubAssembly_PCBStack.FCStd,1
Rect6,,D:/Work/ArribadaInitiative/2026/cad-marlin-ots/CAD_INTERNAL/FREECAD_FILES/Assemblies/MARLIN_Core_OTS_SubAssembly_PCBStack.FCStd,1
Rect7,,D:/Work/ArribadaInitiative/2026/cad-marlin-ots/CAD_INTERNAL/FREECAD_FILES/Assemblies/MARLIN_Core_OTS_SubAssembly_PCBStack.FCStd,1
Rect8,,D:/Work/ArribadaInitiative/2026/cad-marlin-ots/CAD_INTERNAL/FREECAD_FILES/Assemblies/MARLIN_Core_OTS_SubAssembly_PCBStack.FCStd,1
Rect9,,D:/Work/ArribadaInitiative/2026/cad-marlin-ots/CAD_INTERNAL/FREECAD_FILES/Assemblies/MARLIN_Core_OTS_SubAssembly_PCBStack.FCStd,1
Rect10,,D:/Work/ArribadaInitiative/2026/cad-marlin-ots/CAD_INTERNAL/FREECAD_FILES/Assemblies/MARLIN_Core_OTS_SubAssembly_PCBStack.FCStd,1
Rect11,,D:/Work/ArribadaInitiative/2026/cad-marlin-ots/CAD_INTERNAL/FREECAD_FILES/Assemblies/MARLIN_Core_OTS_SubAssembly_PCBStack.FCStd,1
L9,,D:/Work/ArribadaInitiative/2026/cad-marlin-ots/CAD_INTERNAL/FREECAD_FILES/Assemblies/MARLIN_Core_OTS_SubAssembly_PCBStack.FCStd,1
6.06979e+09,,D:/Work/ArribadaInitiative/2026/cad-marlin-ots/CAD_INTERNAL/FREECAD_FILES/Assemblies/MARLIN_Core_OTS_SubAssembly_PCBStack.FCStd,1
term005,,D:/Work/ArribadaInitiative/2026/cad-marlin-ots/CAD_INTERNAL/FREECAD_FILES/Assemblies/MARLIN_Core_OTS_SubAssembly_PCBStack.FCStd,1
term006,,D:/Work/ArribadaInitiative/2026/cad-marlin-ots/CAD_INTERNAL/FREECAD_FILES/Assemblies/MARLIN_Core_OTS_SubAssembly_PCBStack.FCStd,1
body002,,D:/Work/ArribadaInitiative/2026/cad-marlin-ots/CAD_INTERNAL/FREECAD_FILES/Assemblies/MARLIN_Core_OTS_SubAssembly_PCBStack.FCStd,1
L8,,D:/Work/ArribadaInitiative/2026/cad-marlin-ots/CAD_INTERNAL/FREECAD_FILES/Assemblies/MARLIN_Core_OTS_SubAssembly_PCBStack.FCStd,1
6.06978e+09,,D:/Work/ArribadaInitiative/2026/cad-marlin-ots/CAD_INTERNAL/FREECAD_FILES/Assemblies/MARLIN_Core_OTS_SubAssembly_PCBStack.FCStd,1
Rect012,,D:/Work/ArribadaInitiative/2026/cad-marlin-ots/CAD_INTERNAL/FREECAD_FILES/Assemblies/MARLIN_Core_OTS_SubAssembly_PCBStack.FCStd,1
Rect013,,D:/Work/ArribadaInitiative/2026/cad-marlin-ots/CAD_INTERNAL/FREECAD_FILES/Assemblies/MARLIN_Core_OTS_SubAssembly_PCBStack.FCStd,1
Rect014,,D:/Work/ArribadaInitiative/2026/cad-marlin-ots/CAD_INTERNAL/FREECAD_FILES/Assemblies/MARLIN_Core_OTS_SubAssembly_PCBStack.FCStd,1
Rect015,,D:/Work/ArribadaInitiative/2026/cad-marlin-ots/CAD_INTERNAL/FREECAD_FILES/Assemblies/MARLIN_Core_OTS_SubAssembly_PCBStack.FCStd,1
Rect016,,D:/Work/ArribadaInitiative/2026/cad-marlin-ots/CAD_INTERNAL/FREECAD_FILES/Assemblies/MARLIN_Core_OTS_SubAssembly_PCBStack.FCStd,1
Rect017,,D:/Work/ArribadaInitiative/2026/cad-marlin-ots/CAD_INTERNAL/FREECAD_FILES/Assemblies/MARLIN_Core_OTS_SubAssembly_PCBStack.FCStd,1
Rect018,,D:/Work/ArribadaInitiative/2026/cad-marlin-ots/CAD_INTERNAL/FREECAD_FILES/Assemblies/MARLIN_Core_OTS_SubAssembly_PCBStack.FCStd,1
Rect019,,D:/Work/ArribadaInitiative/2026/cad-marlin-ots/CAD_INTERNAL/FREECAD_FILES/Assemblies/MARLIN_Core_OTS_SubAssembly_PCBStack.FCStd,1
Rect020,,D:/Work/ArribadaInitiative/2026/cad-marlin-ots/CAD_INTERNAL/FREECAD_FILES/Assemblies/MARLIN_Core_OTS_SubAssembly_PCBStack.FCStd,1
Rect021,,D:/Work/ArribadaInitiative/2026/cad-marlin-ots/CAD_INTERNAL/FREECAD_FILES/Assemblies/MARLIN_Core_OTS_SubAssembly_PCBStack.FCStd,1
Rect022,,D:/Work/ArribadaInitiative/2026/cad-marlin-ots/CAD_INTERNAL/FREECAD_FILES/Assemblies/MARLIN_Core_OTS_SubAssembly_PCBStack.FCStd,1
L7,,D:/Work/ArribadaInitiative/2026/cad-marlin-ots/CAD_INTERNAL/FREECAD_FILES/Assemblies/MARLIN_Core_OTS_SubAssembly_PCBStack.FCStd,1
6.06978e+09,,D:/Work/ArribadaInitiative/2026/cad-marlin-ots/CAD_INTERNAL/FREECAD_FILES/Assemblies/MARLIN_Core_OTS_SubAssembly_PCBStack.FCStd,1
term007,,D:/Work/ArribadaInitiative/2026/cad-marlin-ots/CAD_INTERNAL/FREECAD_FILES/Assemblies/MARLIN_Core_OTS_SubAssembly_PCBStack.FCStd,1
term008,,D:/Work/ArribadaInitiative/2026/cad-marlin-ots/CAD_INTERNAL/FREECAD_FILES/Assemblies/MARLIN_Core_OTS_SubAssembly_PCBStack.FCStd,1
body003,,D:/Work/ArribadaInitiative/2026/cad-marlin-ots/CAD_INTERNAL/FREECAD_FILES/Assemblies/MARLIN_Core_OTS_SubAssembly_PCBStack.FCStd,1
L11,,D:/Work/ArribadaInitiative/2026/cad-marlin-ots/CAD_INTERNAL/FREECAD_FILES/Assemblies/MARLIN_Core_OTS_SubAssembly_PCBStack.FCStd,1
Chip Inductor 0603,,D:/Work/ArribadaInitiative/2026/cad-marlin-ots/CAD_INTERNAL/FREECAD_FILES/Assemblies/MARLIN_Core_OTS_SubAssembly_PCBStack.FCStd,1
C26,,D:/Work/ArribadaInitiative/2026/cad-marlin-ots/CAD_INTERNAL/FREECAD_FILES/Assemblies/MARLIN_Core_OTS_SubAssembly_PCBStack.FCStd,1
6.1852e+09,,D:/Work/ArribadaInitiative/2026/cad-marlin-ots/CAD_INTERNAL/FREECAD_FILES/Assemblies/MARLIN_Core_OTS_SubAssembly_PCBStack.FCStd,1
Extruded067,,D:/Work/ArribadaInitiative/2026/cad-marlin-ots/CAD_INTERNAL/FREECAD_FILES/Assemblies/MARLIN_Core_OTS_SubAssembly_PCBStack.FCStd,1
C42,,D:/Work/ArribadaInitiative/2026/cad-marlin-ots/CAD_INTERNAL/FREECAD_FILES/Assemblies/MARLIN_Core_OTS_SubAssembly_PCBStack.FCStd,1
6.1852e+12,,D:/Work/ArribadaInitiative/2026/cad-marlin-ots/CAD_INTERNAL/FREECAD_FILES/Assemblies/MARLIN_Core_OTS_SubAssembly_PCBStack.FCStd,1
Extruded068,,D:/Work/ArribadaInitiative/2026/cad-marlin-ots/CAD_INTERNAL/FREECAD_FILES/Assemblies/MARLIN_Core_OTS_SubAssembly_PCBStack.FCStd,1
C25,,D:/Work/ArribadaInitiative/2026/cad-marlin-ots/CAD_INTERNAL/FREECAD_FILES/Assemblies/MARLIN_Core_OTS_SubAssembly_PCBStack.FCStd,1
6.1852e+12,,D:/Work/ArribadaInitiative/2026/cad-marlin-ots/CAD_INTERNAL/FREECAD_FILES/Assemblies/MARLIN_Core_OTS_SubAssembly_PCBStack.FCStd,1
Extruded069,,D:/Work/ArribadaInitiative/2026/cad-marlin-ots/CAD_INTERNAL/FREECAD_FILES/Assemblies/MARLIN_Core_OTS_SubAssembly_PCBStack.FCStd,1
C24,,D:/Work/ArribadaInitiative/2026/cad-marlin-ots/CAD_INTERNAL/FREECAD_FILES/Assemblies/MARLIN_Core_OTS_SubAssembly_PCBStack.FCStd,1
6.1852e+12,,D:/Work/ArribadaInitiative/2026/cad-marlin-ots/CAD_INTERNAL/FREECAD_FILES/Assemblies/MARLIN_Core_OTS_SubAssembly_PCBStack.FCStd,1
Extruded070,,D:/Work/ArribadaInitiative/2026/cad-marlin-ots/CAD_INTERNAL/FREECAD_FILES/Assemblies/MARLIN_Core_OTS_SubAssembly_PCBStack.FCStd,1
C23,,D:/Work/ArribadaInitiative/2026/cad-marlin-ots/CAD_INTERNAL/FREECAD_FILES/Assemblies/MARLIN_Core_OTS_SubAssembly_PCBStack.FCStd,1
6.1852e+12,,D:/Work/ArribadaInitiative/2026/cad-marlin-ots/CAD_INTERNAL/FREECAD_FILES/Assemblies/MARLIN_Core_OTS_SubAssembly_PCBStack.FCStd,1
Extruded071,,D:/Work/ArribadaInitiative/2026/cad-marlin-ots/CAD_INTERNAL/FREECAD_FILES/Assemblies/MARLIN_Core_OTS_SubAssembly_PCBStack.FCStd,1
C31,,D:/Work/ArribadaInitiative/2026/cad-marlin-ots/CAD_INTERNAL/FREECAD_FILES/Assemblies/MARLIN_Core_OTS_SubAssembly_PCBStack.FCStd,1
6.1852e+12,,D:/Work/ArribadaInitiative/2026/cad-marlin-ots/CAD_INTERNAL/FREECAD_FILES/Assemblies/MARLIN_Core_OTS_SubAssembly_PCBStack.FCStd,1
Extruded072,,D:/Work/ArribadaInitiative/2026/cad-marlin-ots/CAD_INTERNAL/FREECAD_FILES/Assemblies/MARLIN_Core_OTS_SubAssembly_PCBStack.FCStd,1
C22,,D:/Work/ArribadaInitiative/2026/cad-marlin-ots/CAD_INTERNAL/FREECAD_FILES/Assemblies/MARLIN_Core_OTS_SubAssembly_PCBStack.FCStd,1
6.1852e+12,,D:/Work/ArribadaInitiative/2026/cad-marlin-ots/CAD_INTERNAL/FREECAD_FILES/Assemblies/MARLIN_Core_OTS_SubAssembly_PCBStack.FCStd,1
Extruded073,,D:/Work/ArribadaInitiative/2026/cad-marlin-ots/CAD_INTERNAL/FREECAD_FILES/Assemblies/MARLIN_Core_OTS_SubAssembly_PCBStack.FCStd,1
C30,,D:/Work/ArribadaInitiative/2026/cad-marlin-ots/CAD_INTERNAL/FREECAD_FILES/Assemblies/MARLIN_Core_OTS_SubAssembly_PCBStack.FCStd,1
6.1852e+12,,D:/Work/ArribadaInitiative/2026/cad-marlin-ots/CAD_INTERNAL/FREECAD_FILES/Assemblies/MARLIN_Core_OTS_SubAssembly_PCBStack.FCStd,1
Extruded074,,D:/Work/ArribadaInitiative/2026/cad-marlin-ots/CAD_INTERNAL/FREECAD_FILES/Assemblies/MARLIN_Core_OTS_SubAssembly_PCBStack.FCStd,1
C21,,D:/Work/ArribadaInitiative/2026/cad-marlin-ots/CAD_INTERNAL/FREECAD_FILES/Assemblies/MARLIN_Core_OTS_SubAssembly_PCBStack.FCStd,1
6.20766e+09,,D:/Work/ArribadaInitiative/2026/cad-marlin-ots/CAD_INTERNAL/FREECAD_FILES/Assemblies/MARLIN_Core_OTS_SubAssembly_PCBStack.FCStd,1
Extruded075,,D:/Work/ArribadaInitiative/2026/cad-marlin-ots/CAD_INTERNAL/FREECAD_FILES/Assemblies/MARLIN_Core_OTS_SubAssembly_PCBStack.FCStd,1
C29,,D:/Work/ArribadaInitiative/2026/cad-marlin-ots/CAD_INTERNAL/FREECAD_FILES/Assemblies/MARLIN_Core_OTS_SubAssembly_PCBStack.FCStd,1
6.1852e+12,,D:/Work/ArribadaInitiative/2026/cad-marlin-ots/CAD_INTERNAL/FREECAD_FILES/Assemblies/MARLIN_Core_OTS_SubAssembly_PCBStack.FCStd,1
Extruded076,,D:/Work/ArribadaInitiative/2026/cad-marlin-ots/CAD_INTERNAL/FREECAD_FILES/Assemblies/MARLIN_Core_OTS_SubAssembly_PCBStack.FCStd,1
C20,,D:/Work/ArribadaInitiative/2026/cad-marlin-ots/CAD_INTERNAL/FREECAD_FILES/Assemblies/MARLIN_Core_OTS_SubAssembly_PCBStack.FCStd,1
6.1852e+12,,D:/Work/ArribadaInitiative/2026/cad-marlin-ots/CAD_INTERNAL/FREECAD_FILES/Assemblies/MARLIN_Core_OTS_SubAssembly_PCBStack.FCStd,1
Extruded077,,D:/Work/ArribadaInitiative/2026/cad-marlin-ots/CAD_INTERNAL/FREECAD_FILES/Assemblies/MARLIN_Core_OTS_SubAssembly_PCBStack.FCStd,1
C28,,D:/Work/ArribadaInitiative/2026/cad-marlin-ots/CAD_INTERNAL/FREECAD_FILES/Assemblies/MARLIN_Core_OTS_SubAssembly_PCBStack.FCStd,1
6.1852e+09,,D:/Work/ArribadaInitiative/2026/cad-marlin-ots/CAD_INTERNAL/FREECAD_FILES/Assemblies/MARLIN_Core_OTS_SubAssembly_PCBStack.FCStd,1
Extruded078,,D:/Work/ArribadaInitiative/2026/cad-marlin-ots/CAD_INTERNAL/FREECAD_FILES/Assemblies/MARLIN_Core_OTS_SubAssembly_PCBStack.FCStd,1
C19,,D:/Work/ArribadaInitiative/2026/cad-marlin-ots/CAD_INTERNAL/FREECAD_FILES/Assemblies/MARLIN_Core_OTS_SubAssembly_PCBStack.FCStd,1
6.1852e+12,,D:/Work/ArribadaInitiative/2026/cad-marlin-ots/CAD_INTERNAL/FREECAD_FILES/Assemblies/MARLIN_Core_OTS_SubAssembly_PCBStack.FCStd,1
Extruded079,,D:/Work/ArribadaInitiative/2026/cad-marlin-ots/CAD_INTERNAL/FREECAD_FILES/Assemblies/MARLIN_Core_OTS_SubAssembly_PCBStack.FCStd,1
C35,,D:/Work/ArribadaInitiative/2026/cad-marlin-ots/CAD_INTERNAL/FREECAD_FILES/Assemblies/MARLIN_Core_OTS_SubAssembly_PCBStack.FCStd,1
6.1852e+12,,D:/Work/ArribadaInitiative/2026/cad-marlin-ots/CAD_INTERNAL/FREECAD_FILES/Assemblies/MARLIN_Core_OTS_SubAssembly_PCBStack.FCStd,1
Extruded080,,D:/Work/ArribadaInitiative/2026/cad-marlin-ots/CAD_INTERNAL/FREECAD_FILES/Assemblies/MARLIN_Core_OTS_SubAssembly_PCBStack.FCStd,1
C11,,D:/Work/ArribadaInitiative/2026/cad-marlin-ots/CAD_INTERNAL/FREECAD_FILES/Assemblies/MARLIN_Core_OTS_SubAssembly_PCBStack.FCStd,1
6.20766e+09,,D:/Work/ArribadaInitiative/2026/cad-marlin-ots/CAD_INTERNAL/FREECAD_FILES/Assemblies/MARLIN_Core_OTS_SubAssembly_PCBStack.FCStd,1
Extruded081,,D:/Work/ArribadaInitiative/2026/cad-marlin-ots/CAD_INTERNAL/FREECAD_FILES/Assemblies/MARLIN_Core_OTS_SubAssembly_PCBStack.FCStd,1
B1,,D:/Work/ArribadaInitiative/2026/cad-marlin-ots/CAD_INTERNAL/FREECAD_FILES/Assemblies/MARLIN_Core_OTS_SubAssembly_PCBStack.FCStd,1
6.1852e+09,,D:/Work/ArribadaInitiative/2026/cad-marlin-ots/CAD_INTERNAL/FREECAD_FILES/Assemblies/MARLIN_Core_OTS_SubAssembly_PCBStack.FCStd,1
Extruded082,,D:/Work/ArribadaInitiative/2026/cad-marlin-ots/CAD_INTERNAL/FREECAD_FILES/Assemblies/MARLIN_Core_OTS_SubAssembly_PCBStack.FCStd,1
C45,,D:/Work/ArribadaInitiative/2026/cad-marlin-ots/CAD_INTERNAL/FREECAD_FILES/Assemblies/MARLIN_Core_OTS_SubAssembly_PCBStack.FCStd,1
6.1852e+09,,D:/Work/ArribadaInitiative/2026/cad-marlin-ots/CAD_INTERNAL/FREECAD_FILES/Assemblies/MARLIN_Core_OTS_SubAssembly_PCBStack.FCStd,1
Extruded083,,D:/Work/ArribadaInitiative/2026/cad-marlin-ots/CAD_INTERNAL/FREECAD_FILES/Assemblies/MARLIN_Core_OTS_SubAssembly_PCBStack.FCStd,1
Y1,,D:/Work/ArribadaInitiative/2026/cad-marlin-ots/CAD_INTERNAL/FREECAD_FILES/Assemblies/MARLIN_Core_OTS_SubAssembly_PCBStack.FCStd,1
6.06979e+12,,D:/Work/ArribadaInitiative/2026/cad-marlin-ots/CAD_INTERNAL/FREECAD_FILES/Assemblies/MARLIN_Core_OTS_SubAssembly_PCBStack.FCStd,1
6.06979e+09,,D:/Work/ArribadaInitiative/2026/cad-marlin-ots/CAD_INTERNAL/FREECAD_FILES/Assemblies/MARLIN_Core_OTS_SubAssembly_PCBStack.FCStd,1
6.06979e+12,,D:/Work/ArribadaInitiative/2026/cad-marlin-ots/CAD_INTERNAL/FREECAD_FILES/Assemblies/MARLIN_Core_OTS_SubAssembly_PCBStack.FCStd,1
6.06979e+12,,D:/Work/ArribadaInitiative/2026/cad-marlin-ots/CAD_INTERNAL/FREECAD_FILES/Assemblies/MARLIN_Core_OTS_SubAssembly_PCBStack.FCStd,1
X002,,D:/Work/ArribadaInitiative/2026/cad-marlin-ots/CAD_INTERNAL/FREECAD_FILES/Assemblies/MARLIN_Core_OTS_SubAssembly_PCBStack.FCStd,1
6.20766e+12,,D:/Work/ArribadaInitiative/2026/cad-marlin-ots/CAD_INTERNAL/FREECAD_FILES/Assemblies/MARLIN_Core_OTS_SubAssembly_PCBStack.FCStd,1
Extruded084,,D:/Work/ArribadaInitiative/2026/cad-marlin-ots/CAD_INTERNAL/FREECAD_FILES/Assemblies/MARLIN_Core_OTS_SubAssembly_PCBStack.FCStd,1
U3,,D:/Work/ArribadaInitiative/2026/cad-marlin-ots/CAD_INTERNAL/FREECAD_FILES/Assemblies/MARLIN_Core_OTS_SubAssembly_PCBStack.FCStd,1
6.20766e+09,,D:/Work/ArribadaInitiative/2026/cad-marlin-ots/CAD_INTERNAL/FREECAD_FILES/Assemblies/MARLIN_Core_OTS_SubAssembly_PCBStack.FCStd,1
Extruded085,,D:/Work/ArribadaInitiative/2026/cad-marlin-ots/CAD_INTERNAL/FREECAD_FILES/Assemblies/MARLIN_Core_OTS_SubAssembly_PCBStack.FCStd,1
6.20766e+09,,D:/Work/ArribadaInitiative/2026/cad-marlin-ots/CAD_INTERNAL/FREECAD_FILES/Assemblies/MARLIN_Core_OTS_SubAssembly_PCBStack.FCStd,1
Extruded086,,D:/Work/ArribadaInitiative/2026/cad-marlin-ots/CAD_INTERNAL/FREECAD_FILES/Assemblies/MARLIN_Core_OTS_SubAssembly_PCBStack.FCStd,1
U2,,D:/Work/ArribadaInitiative/2026/cad-marlin-ots/CAD_INTERNAL/FREECAD_FILES/Assemblies/MARLIN_Core_OTS_SubAssembly_PCBStack.FCStd,1
6.06979e+09,,D:/Work/ArribadaInitiative/2026/cad-marlin-ots/CAD_INTERNAL/FREECAD_FILES/Assemblies/MARLIN_Core_OTS_SubAssembly_PCBStack.FCStd,1
A1,,D:/Work/ArribadaInitiative/2026/cad-marlin-ots/CAD_INTERNAL/FREECAD_FILES/Assemblies/MARLIN_Core_OTS_SubAssembly_PCBStack.FCStd,1
A2,,D:/Work/ArribadaInitiative/2026/cad-marlin-ots/CAD_INTERNAL/FREECAD_FILES/Assemblies/MARLIN_Core_OTS_SubAssembly_PCBStack.FCStd,1
A4,,D:/Work/ArribadaInitiative/2026/cad-marlin-ots/CAD_INTERNAL/FREECAD_FILES/Assemblies/MARLIN_Core_OTS_SubAssembly_PCBStack.FCStd,1
A5,,D:/Work/ArribadaInitiative/2026/cad-marlin-ots/CAD_INTERNAL/FREECAD_FILES/Assemblies/MARLIN_Core_OTS_SubAssembly_PCBStack.FCStd,1
A7,,D:/Work/ArribadaInitiative/2026/cad-marlin-ots/CAD_INTERNAL/FREECAD_FILES/Assemblies/MARLIN_Core_OTS_SubAssembly_PCBStack.FCStd,1
A8,,D:/Work/ArribadaInitiative/2026/cad-marlin-ots/CAD_INTERNAL/FREECAD_FILES/Assemblies/MARLIN_Core_OTS_SubAssembly_PCBStack.FCStd,1
A9,,D:/Work/ArribadaInitiative/2026/cad-marlin-ots/CAD_INTERNAL/FREECAD_FILES/Assemblies/MARLIN_Core_OTS_SubAssembly_PCBStack.FCStd,1
B002,,D:/Work/ArribadaInitiative/2026/cad-marlin-ots/CAD_INTERNAL/FREECAD_FILES/Assemblies/MARLIN_Core_OTS_SubAssembly_PCBStack.FCStd,1
B2,,D:/Work/ArribadaInitiative/2026/cad-marlin-ots/CAD_INTERNAL/FREECAD_FILES/Assemblies/MARLIN_Core_OTS_SubAssembly_PCBStack.FCStd,1
B3,,D:/Work/ArribadaInitiative/2026/cad-marlin-ots/CAD_INTERNAL/FREECAD_FILES/Assemblies/MARLIN_Core_OTS_SubAssembly_PCBStack.FCStd,1
B4,,D:/Work/ArribadaInitiative/2026/cad-marlin-ots/CAD_INTERNAL/FREECAD_FILES/Assemblies/MARLIN_Core_OTS_SubAssembly_PCBStack.FCStd,1
B5,,D:/Work/ArribadaInitiative/2026/cad-marlin-ots/CAD_INTERNAL/FREECAD_FILES/Assemblies/MARLIN_Core_OTS_SubAssembly_PCBStack.FCStd,1
B6,,D:/Work/ArribadaInitiative/2026/cad-marlin-ots/CAD_INTERNAL/FREECAD_FILES/Assemblies/MARLIN_Core_OTS_SubAssembly_PCBStack.FCStd,1
B7,,D:/Work/ArribadaInitiative/2026/cad-marlin-ots/CAD_INTERNAL/FREECAD_FILES/Assemblies/MARLIN_Core_OTS_SubAssembly_PCBStack.FCStd,1
B8,,D:/Work/ArribadaInitiative/2026/cad-marlin-ots/CAD_INTERNAL/FREECAD_FILES/Assemblies/MARLIN_Core_OTS_SubAssembly_PCBStack.FCStd,1
B9,,D:/Work/ArribadaInitiative/2026/cad-marlin-ots/CAD_INTERNAL/FREECAD_FILES/Assemblies/MARLIN_Core_OTS_SubAssembly_PCBStack.FCStd,1
C1,,D:/Work/ArribadaInitiative/2026/cad-marlin-ots/CAD_INTERNAL/FREECAD_FILES/Assemblies/MARLIN_Core_OTS_SubAssembly_PCBStack.FCStd,1
C2,,D:/Work/ArribadaInitiative/2026/cad-marlin-ots/CAD_INTERNAL/FREECAD_FILES/Assemblies/MARLIN_Core_OTS_SubAssembly_PCBStack.FCStd,1
C3,,D:/Work/ArribadaInitiative/2026/cad-marlin-ots/CAD_INTERNAL/FREECAD_FILES/Assemblies/MARLIN_Core_OTS_SubAssembly_PCBStack.FCStd,1
C065,,D:/Work/ArribadaInitiative/2026/cad-marlin-ots/CAD_INTERNAL/FREECAD_FILES/Assemblies/MARLIN_Core_OTS_SubAssembly_PCBStack.FCStd,1
C066,,D:/Work/ArribadaInitiative/2026/cad-marlin-ots/CAD_INTERNAL/FREECAD_FILES/Assemblies/MARLIN_Core_OTS_SubAssembly_PCBStack.FCStd,1
C6,,D:/Work/ArribadaInitiative/2026/cad-marlin-ots/CAD_INTERNAL/FREECAD_FILES/Assemblies/MARLIN_Core_OTS_SubAssembly_PCBStack.FCStd,1
C7,,D:/Work/ArribadaInitiative/2026/cad-marlin-ots/CAD_INTERNAL/FREECAD_FILES/Assemblies/MARLIN_Core_OTS_SubAssembly_PCBStack.FCStd,1
C8,,D:/Work/ArribadaInitiative/2026/cad-marlin-ots/CAD_INTERNAL/FREECAD_FILES/Assemblies/MARLIN_Core_OTS_SubAssembly_PCBStack.FCStd,1
D2,,D:/Work/ArribadaInitiative/2026/cad-marlin-ots/CAD_INTERNAL/FREECAD_FILES/Assemblies/MARLIN_Core_OTS_SubAssembly_PCBStack.FCStd,1
D3,,D:/Work/ArribadaInitiative/2026/cad-marlin-ots/CAD_INTERNAL/FREECAD_FILES/Assemblies/MARLIN_Core_OTS_SubAssembly_PCBStack.FCStd,1
D4,,D:/Work/ArribadaInitiative/2026/cad-marlin-ots/CAD_INTERNAL/FREECAD_FILES/Assemblies/MARLIN_Core_OTS_SubAssembly_PCBStack.FCStd,1
D5,,D:/Work/ArribadaInitiative/2026/cad-marlin-ots/CAD_INTERNAL/FREECAD_FILES/Assemblies/MARLIN_Core_OTS_SubAssembly_PCBStack.FCStd,1
D6,,D:/Work/ArribadaInitiative/2026/cad-marlin-ots/CAD_INTERNAL/FREECAD_FILES/Assemblies/MARLIN_Core_OTS_SubAssembly_PCBStack.FCStd,1
D7,,D:/Work/ArribadaInitiative/2026/cad-marlin-ots/CAD_INTERNAL/FREECAD_FILES/Assemblies/MARLIN_Core_OTS_SubAssembly_PCBStack.FCStd,1
D8,,D:/Work/ArribadaInitiative/2026/cad-marlin-ots/CAD_INTERNAL/FREECAD_FILES/Assemblies/MARLIN_Core_OTS_SubAssembly_PCBStack.FCStd,1
D9,,D:/Work/ArribadaInitiative/2026/cad-marlin-ots/CAD_INTERNAL/FREECAD_FILES/Assemblies/MARLIN_Core_OTS_SubAssembly_PCBStack.FCStd,1
E1,,D:/Work/ArribadaInitiative/2026/cad-marlin-ots/CAD_INTERNAL/FREECAD_FILES/Assemblies/MARLIN_Core_OTS_SubAssembly_PCBStack.FCStd,1
E2,,D:/Work/ArribadaInitiative/2026/cad-marlin-ots/CAD_INTERNAL/FREECAD_FILES/Assemblies/MARLIN_Core_OTS_SubAssembly_PCBStack.FCStd,1
E3,,D:/Work/ArribadaInitiative/2026/cad-marlin-ots/CAD_INTERNAL/FREECAD_FILES/Assemblies/MARLIN_Core_OTS_SubAssembly_PCBStack.FCStd,1
E4,,D:/Work/ArribadaInitiative/2026/cad-marlin-ots/CAD_INTERNAL/FREECAD_FILES/Assemblies/MARLIN_Core_OTS_SubAssembly_PCBStack.FCStd,1
E5,,D:/Work/ArribadaInitiative/2026/cad-marlin-ots/CAD_INTERNAL/FREECAD_FILES/Assemblies/MARLIN_Core_OTS_SubAssembly_PCBStack.FCStd,1
E6,,D:/Work/ArribadaInitiative/2026/cad-marlin-ots/CAD_INTERNAL/FREECAD_FILES/Assemblies/MARLIN_Core_OTS_SubAssembly_PCBStack.FCStd,1
E7,,D:/Work/ArribadaInitiative/2026/cad-marlin-ots/CAD_INTERNAL/FREECAD_FILES/Assemblies/MARLIN_Core_OTS_SubAssembly_PCBStack.FCStd,1
E8,,D:/Work/ArribadaInitiative/2026/cad-marlin-ots/CAD_INTERNAL/FREECAD_FILES/Assemblies/MARLIN_Core_OTS_SubAssembly_PCBStack.FCStd,1
E9,,D:/Work/ArribadaInitiative/2026/cad-marlin-ots/CAD_INTERNAL/FREECAD_FILES/Assemblies/MARLIN_Core_OTS_SubAssembly_PCBStack.FCStd,1
F1,,D:/Work/ArribadaInitiative/2026/cad-marlin-ots/CAD_INTERNAL/FREECAD_FILES/Assemblies/MARLIN_Core_OTS_SubAssembly_PCBStack.FCStd,1
F2,,D:/Work/ArribadaInitiative/2026/cad-marlin-ots/CAD_INTERNAL/FREECAD_FILES/Assemblies/MARLIN_Core_OTS_SubAssembly_PCBStack.FCStd,1
F3,,D:/Work/ArribadaInitiative/2026/cad-marlin-ots/CAD_INTERNAL/FREECAD_FILES/Assemblies/MARLIN_Core_OTS_SubAssembly_PCBStack.FCStd,1
F4,,D:/Work/ArribadaInitiative/2026/cad-marlin-ots/CAD_INTERNAL/FREECAD_FILES/Assemblies/MARLIN_Core_OTS_SubAssembly_PCBStack.FCStd,1
F5,,D:/Work/ArribadaInitiative/2026/cad-marlin-ots/CAD_INTERNAL/FREECAD_FILES/Assemblies/MARLIN_Core_OTS_SubAssembly_PCBStack.FCStd,1
F6,,D:/Work/ArribadaInitiative/2026/cad-marlin-ots/CAD_INTERNAL/FREECAD_FILES/Assemblies/MARLIN_Core_OTS_SubAssembly_PCBStack.FCStd,1
F7,,D:/Work/ArribadaInitiative/2026/cad-marlin-ots/CAD_INTERNAL/FREECAD_FILES/Assemblies/MARLIN_Core_OTS_SubAssembly_PCBStack.FCStd,1
F8,,D:/Work/ArribadaInitiative/2026/cad-marlin-ots/CAD_INTERNAL/FREECAD_FILES/Assemblies/MARLIN_Core_OTS_SubAssembly_PCBStack.FCStd,1
G2,,D:/Work/ArribadaInitiative/2026/cad-marlin-ots/CAD_INTERNAL/FREECAD_FILES/Assemblies/MARLIN_Core_OTS_SubAssembly_PCBStack.FCStd,1
G3,,D:/Work/ArribadaInitiative/2026/cad-marlin-ots/CAD_INTERNAL/FREECAD_FILES/Assemblies/MARLIN_Core_OTS_SubAssembly_PCBStack.FCStd,1
G4,,D:/Work/ArribadaInitiative/2026/cad-marlin-ots/CAD_INTERNAL/FREECAD_FILES/Assemblies/MARLIN_Core_OTS_SubAssembly_PCBStack.FCStd,1
G5,,D:/Work/ArribadaInitiative/2026/cad-marlin-ots/CAD_INTERNAL/FREECAD_FILES/Assemblies/MARLIN_Core_OTS_SubAssembly_PCBStack.FCStd,1
G6,,D:/Work/ArribadaInitiative/2026/cad-marlin-ots/CAD_INTERNAL/FREECAD_FILES/Assemblies/MARLIN_Core_OTS_SubAssembly_PCBStack.FCStd,1
G7,,D:/Work/ArribadaInitiative/2026/cad-marlin-ots/CAD_INTERNAL/FREECAD_FILES/Assemblies/MARLIN_Core_OTS_SubAssembly_PCBStack.FCStd,1
G8,,D:/Work/ArribadaInitiative/2026/cad-marlin-ots/CAD_INTERNAL/FREECAD_FILES/Assemblies/MARLIN_Core_OTS_SubAssembly_PCBStack.FCStd,1
G9,,D:/Work/ArribadaInitiative/2026/cad-marlin-ots/CAD_INTERNAL/FREECAD_FILES/Assemblies/MARLIN_Core_OTS_SubAssembly_PCBStack.FCStd,1
H1,,D:/Work/ArribadaInitiative/2026/cad-marlin-ots/CAD_INTERNAL/FREECAD_FILES/Assemblies/MARLIN_Core_OTS_SubAssembly_PCBStack.FCStd,1
H2,,D:/Work/ArribadaInitiative/2026/cad-marlin-ots/CAD_INTERNAL/FREECAD_FILES/Assemblies/MARLIN_Core_OTS_SubAssembly_PCBStack.FCStd,1
H3,,D:/Work/ArribadaInitiative/2026/cad-marlin-ots/CAD_INTERNAL/FREECAD_FILES/Assemblies/MARLIN_Core_OTS_SubAssembly_PCBStack.FCStd,1
H4,,D:/Work/ArribadaInitiative/2026/cad-marlin-ots/CAD_INTERNAL/FREECAD_FILES/Assemblies/MARLIN_Core_OTS_SubAssembly_PCBStack.FCStd,1
H5,,D:/Work/ArribadaInitiative/2026/cad-marlin-ots/CAD_INTERNAL/FREECAD_FILES/Assemblies/MARLIN_Core_OTS_SubAssembly_PCBStack.FCStd,1
H6,,D:/Work/ArribadaInitiative/2026/cad-marlin-ots/CAD_INTERNAL/FREECAD_FILES/Assemblies/MARLIN_Core_OTS_SubAssembly_PCBStack.FCStd,1
H7,,D:/Work/ArribadaInitiative/2026/cad-marlin-ots/CAD_INTERNAL/FREECAD_FILES/Assemblies/MARLIN_Core_OTS_SubAssembly_PCBStack.FCStd,1
H8,,D:/Work/ArribadaInitiative/2026/cad-marlin-ots/CAD_INTERNAL/FREECAD_FILES/Assemblies/MARLIN_Core_OTS_SubAssembly_PCBStack.FCStd,1
H9,,D:/Work/ArribadaInitiative/2026/cad-marlin-ots/CAD_INTERNAL/FREECAD_FILES/Assemblies/MARLIN_Core_OTS_SubAssembly_PCBStack.FCStd,1
J1,,D:/Work/ArribadaInitiative/2026/cad-marlin-ots/CAD_INTERNAL/FREECAD_FILES/Assemblies/MARLIN_Core_OTS_SubAssembly_PCBStack.FCStd,1
J2,,D:/Work/ArribadaInitiative/2026/cad-marlin-ots/CAD_INTERNAL/FREECAD_FILES/Assemblies/MARLIN_Core_OTS_SubAssembly_PCBStack.FCStd,1
J3,,D:/Work/ArribadaInitiative/2026/cad-marlin-ots/CAD_INTERNAL/FREECAD_FILES/Assemblies/MARLIN_Core_OTS_SubAssembly_PCBStack.FCStd,1
J013,,D:/Work/ArribadaInitiative/2026/cad-marlin-ots/CAD_INTERNAL/FREECAD_FILES/Assemblies/MARLIN_Core_OTS_SubAssembly_PCBStack.FCStd,1
J014,,D:/Work/ArribadaInitiative/2026/cad-marlin-ots/CAD_INTERNAL/FREECAD_FILES/Assemblies/MARLIN_Core_OTS_SubAssembly_PCBStack.FCStd,1
J8,,D:/Work/ArribadaInitiative/2026/cad-marlin-ots/CAD_INTERNAL/FREECAD_FILES/Assemblies/MARLIN_Core_OTS_SubAssembly_PCBStack.FCStd,1
J9,,D:/Work/ArribadaInitiative/2026/cad-marlin-ots/CAD_INTERNAL/FREECAD_FILES/Assemblies/MARLIN_Core_OTS_SubAssembly_PCBStack.FCStd,1
Body001,,D:/Work/ArribadaInitiative/2026/cad-marlin-ots/CAD_INTERNAL/FREECAD_FILES/Assemblies/MARLIN_Core_OTS_SubAssembly_PCBStack.FCStd,1
U004,,D:/Work/ArribadaInitiative/2026/cad-marlin-ots/CAD_INTERNAL/FREECAD_FILES/Assemblies/MARLIN_Core_OTS_SubAssembly_PCBStack.FCStd,1
6.06979e+12,,D:/Work/ArribadaInitiative/2026/cad-marlin-ots/CAD_INTERNAL/FREECAD_FILES/Assemblies/MARLIN_Core_OTS_SubAssembly_PCBStack.FCStd,1
6.06979e+09,,D:/Work/ArribadaInitiative/2026/cad-marlin-ots/CAD_INTERNAL/FREECAD_FILES/Assemblies/MARLIN_Core_OTS_SubAssembly_PCBStack.FCStd,1
6.06979e+12,,D:/Work/ArribadaInitiative/2026/cad-marlin-ots/CAD_INTERNAL/FREECAD_FILES/Assemblies/MARLIN_Core_OTS_SubAssembly_PCBStack.FCStd,1
6.06979e+12,,D:/Work/ArribadaInitiative/2026/cad-marlin-ots/CAD_INTERNAL/FREECAD_FILES/Assemblies/MARLIN_Core_OTS_SubAssembly_PCBStack.FCStd,1
6.06979e+12,,D:/Work/ArribadaInitiative/2026/cad-marlin-ots/CAD_INTERNAL/FREECAD_FILES/Assemblies/MARLIN_Core_OTS_SubAssembly_PCBStack.FCStd,1
6.06979e+12,,D:/Work/ArribadaInitiative/2026/cad-marlin-ots/CAD_INTERNAL/FREECAD_FILES/Assemblies/MARLIN_Core_OTS_SubAssembly_PCBStack.FCStd,1
6.06979e+12,,D:/Work/ArribadaInitiative/2026/cad-marlin-ots/CAD_INTERNAL/FREECAD_FILES/Assemblies/MARLIN_Core_OTS_SubAssembly_PCBStack.FCStd,1
6.06979e+12,,D:/Work/ArribadaInitiative/2026/cad-marlin-ots/CAD_INTERNAL/FREECAD_FILES/Assemblies/MARLIN_Core_OTS_SubAssembly_PCBStack.FCStd,1
6.06979e+12,,D:/Work/ArribadaInitiative/2026/cad-marlin-ots/CAD_INTERNAL/FREECAD_FILES/Assemblies/MARLIN_Core_OTS_SubAssembly_PCBStack.FCStd,1
6.06979e+12,,D:/Work/ArribadaInitiative/2026/cad-marlin-ots/CAD_INTERNAL/FREECAD_FILES/Assemblies/MARLIN_Core_OTS_SubAssembly_PCBStack.FCStd,1
6.06979e+12,,D:/Work/ArribadaInitiative/2026/cad-marlin-ots/CAD_INTERNAL/FREECAD_FILES/Assemblies/MARLIN_Core_OTS_SubAssembly_PCBStack.FCStd,1
6.06979e+12,,D:/Work/ArribadaInitiative/2026/cad-marlin-ots/CAD_INTERNAL/FREECAD_FILES/Assemblies/MARLIN_Core_OTS_SubAssembly_PCBStack.FCStd,1
6.06979e+12,,D:/Work/ArribadaInitiative/2026/cad-marlin-ots/CAD_INTERNAL/FREECAD_FILES/Assemblies/MARLIN_Core_OTS_SubAssembly_PCBStack.FCStd,1
6.06979e+12,,D:/Work/ArribadaInitiative/2026/cad-marlin-ots/CAD_INTERNAL/FREECAD_FILES/Assemblies/MARLIN_Core_OTS_SubAssembly_PCBStack.FCStd,1
6.06979e+12,,D:/Work/ArribadaInitiative/2026/cad-marlin-ots/CAD_INTERNAL/FREECAD_FILES/Assemblies/MARLIN_Core_OTS_SubAssembly_PCBStack.FCStd,1
6.06979e+12,,D:/Work/ArribadaInitiative/2026/cad-marlin-ots/CAD_INTERNAL/FREECAD_FILES/Assemblies/MARLIN_Core_OTS_SubAssembly_PCBStack.FCStd,1
6.06979e+12,,D:/Work/ArribadaInitiative/2026/cad-marlin-ots/CAD_INTERNAL/FREECAD_FILES/Assemblies/MARLIN_Core_OTS_SubAssembly_PCBStack.FCStd,1
6.06979e+12,,D:/Work/ArribadaInitiative/2026/cad-marlin-ots/CAD_INTERNAL/FREECAD_FILES/Assemblies/MARLIN_Core_OTS_SubAssembly_PCBStack.FCStd,1
6.06979e+12,,D:/Work/ArribadaInitiative/2026/cad-marlin-ots/CAD_INTERNAL/FREECAD_FILES/Assemblies/MARLIN_Core_OTS_SubAssembly_PCBStack.FCStd,1
6.06979e+12,,D:/Work/ArribadaInitiative/2026/cad-marlin-ots/CAD_INTERNAL/FREECAD_FILES/Assemblies/MARLIN_Core_OTS_SubAssembly_PCBStack.FCStd,1
R9,,D:/Work/ArribadaInitiative/2026/cad-marlin-ots/CAD_INTERNAL/FREECAD_FILES/Assemblies/MARLIN_Core_OTS_SubAssembly_PCBStack.FCStd,1
6.06979e+12,,D:/Work/ArribadaInitiative/2026/cad-marlin-ots/CAD_INTERNAL/FREECAD_FILES/Assemblies/MARLIN_Core_OTS_SubAssembly_PCBStack.FCStd,1
term009,,D:/Work/ArribadaInitiative/2026/cad-marlin-ots/CAD_INTERNAL/FREECAD_FILES/Assemblies/MARLIN_Core_OTS_SubAssembly_PCBStack.FCStd,1
term010,,D:/Work/ArribadaInitiative/2026/cad-marlin-ots/CAD_INTERNAL/FREECAD_FILES/Assemblies/MARLIN_Core_OTS_SubAssembly_PCBStack.FCStd,1
body004,,D:/Work/ArribadaInitiative/2026/cad-marlin-ots/CAD_INTERNAL/FREECAD_FILES/Assemblies/MARLIN_Core_OTS_SubAssembly_PCBStack.FCStd,1
R8,,D:/Work/ArribadaInitiative/2026/cad-marlin-ots/CAD_INTERNAL/FREECAD_FILES/Assemblies/MARLIN_Core_OTS_SubAssembly_PCBStack.FCStd,1
6.20766e+09,,D:/Work/ArribadaInitiative/2026/cad-marlin-ots/CAD_INTERNAL/FREECAD_FILES/Assemblies/MARLIN_Core_OTS_SubAssembly_PCBStack.FCStd,1
Extruded087,,D:/Work/ArribadaInitiative/2026/cad-marlin-ots/CAD_INTERNAL/FREECAD_FILES/Assemblies/MARLIN_Core_OTS_SubAssembly_PCBStack.FCStd,1
6.20766e+12,,D:/Work/ArribadaInitiative/2026/cad-marlin-ots/CAD_INTERNAL/FREECAD_FILES/Assemblies/MARLIN_Core_OTS_SubAssembly_PCBStack.FCStd,1
Extruded088,,D:/Work/ArribadaInitiative/2026/cad-marlin-ots/CAD_INTERNAL/FREECAD_FILES/Assemblies/MARLIN_Core_OTS_SubAssembly_PCBStack.FCStd,1
6.20766e+09,,D:/Work/ArribadaInitiative/2026/cad-marlin-ots/CAD_INTERNAL/FREECAD_FILES/Assemblies/MARLIN_Core_OTS_SubAssembly_PCBStack.FCStd,1
Extruded089,,D:/Work/ArribadaInitiative/2026/cad-marlin-ots/CAD_INTERNAL/FREECAD_FILES/Assemblies/MARLIN_Core_OTS_SubAssembly_PCBStack.FCStd,1
R6,,D:/Work/ArribadaInitiative/2026/cad-marlin-ots/CAD_INTERNAL/FREECAD_FILES/Assemblies/MARLIN_Core_OTS_SubAssembly_PCBStack.FCStd,1
6.06979e+09,,D:/Work/ArribadaInitiative/2026/cad-marlin-ots/CAD_INTERNAL/FREECAD_FILES/Assemblies/MARLIN_Core_OTS_SubAssembly_PCBStack.FCStd,1
term011,,D:/Work/ArribadaInitiative/2026/cad-marlin-ots/CAD_INTERNAL/FREECAD_FILES/Assemblies/MARLIN_Core_OTS_SubAssembly_PCBStack.FCStd,1
term012,,D:/Work/ArribadaInitiative/2026/cad-marlin-ots/CAD_INTERNAL/FREECAD_FILES/Assemblies/MARLIN_Core_OTS_SubAssembly_PCBStack.FCStd,1
body005,,D:/Work/ArribadaInitiative/2026/cad-marlin-ots/CAD_INTERNAL/FREECAD_FILES/Assemblies/MARLIN_Core_OTS_SubAssembly_PCBStack.FCStd,1
R4,,D:/Work/ArribadaInitiative/2026/cad-marlin-ots/CAD_INTERNAL/FREECAD_FILES/Assemblies/MARLIN_Core_OTS_SubAssembly_PCBStack.FCStd,1
6.06979e+09,,D:/Work/ArribadaInitiative/2026/cad-marlin-ots/CAD_INTERNAL/FREECAD_FILES/Assemblies/MARLIN_Core_OTS_SubAssembly_PCBStack.FCStd,1
R3,,D:/Work/ArribadaInitiative/2026/cad-marlin-ots/CAD_INTERNAL/FREECAD_FILES/Assemblies/MARLIN_Core_OTS_SubAssembly_PCBStack.FCStd,1
6.06979e+12,,D:/Work/ArribadaInitiative/2026/cad-marlin-ots/CAD_INTERNAL/FREECAD_FILES/Assemblies/MARLIN_Core_OTS_SubAssembly_PCBStack.FCStd,1
R2,,D:/Work/ArribadaInitiative/2026/cad-marlin-ots/CAD_INTERNAL/FREECAD_FILES/Assemblies/MARLIN_Core_OTS_SubAssembly_PCBStack.FCStd,1
6.06979e+09,,D:/Work/ArribadaInitiative/2026/cad-marlin-ots/CAD_INTERNAL/FREECAD_FILES/Assemblies/MARLIN_Core_OTS_SubAssembly_PCBStack.FCStd,1
R1,,D:/Work/ArribadaInitiative/2026/cad-marlin-ots/CAD_INTERNAL/FREECAD_FILES/Assemblies/MARLIN_Core_OTS_SubAssembly_PCBStack.FCStd,1
6.06979e+12,,D:/Work/ArribadaInitiative/2026/cad-marlin-ots/CAD_INTERNAL/FREECAD_FILES/Assemblies/MARLIN_Core_OTS_SubAssembly_PCBStack.FCStd,1
L6,,D:/Work/ArribadaInitiative/2026/cad-marlin-ots/CAD_INTERNAL/FREECAD_FILES/Assemblies/MARLIN_Core_OTS_SubAssembly_PCBStack.FCStd,1
6.06978e+09,,D:/Work/ArribadaInitiative/2026/cad-marlin-ots/CAD_INTERNAL/FREECAD_FILES/Assemblies/MARLIN_Core_OTS_SubAssembly_PCBStack.FCStd,1
term013,,D:/Work/ArribadaInitiative/2026/cad-marlin-ots/CAD_INTERNAL/FREECAD_FILES/Assemblies/MARLIN_Core_OTS_SubAssembly_PCBStack.FCStd,1
term014,,D:/Work/ArribadaInitiative/2026/cad-marlin-ots/CAD_INTERNAL/FREECAD_FILES/Assemblies/MARLIN_Core_OTS_SubAssembly_PCBStack.FCStd,1
body006,,D:/Work/ArribadaInitiative/2026/cad-marlin-ots/CAD_INTERNAL/FREECAD_FILES/Assemblies/MARLIN_Core_OTS_SubAssembly_PCBStack.FCStd,1
L5,,D:/Work/ArribadaInitiative/2026/cad-marlin-ots/CAD_INTERNAL/FREECAD_FILES/Assemblies/MARLIN_Core_OTS_SubAssembly_PCBStack.FCStd,1
6.06979e+12,,D:/Work/ArribadaInitiative/2026/cad-marlin-ots/CAD_INTERNAL/FREECAD_FILES/Assemblies/MARLIN_Core_OTS_SubAssembly_PCBStack.FCStd,1
6.06979e+12,,D:/Work/ArribadaInitiative/2026/cad-marlin-ots/CAD_INTERNAL/FREECAD_FILES/Assemblies/MARLIN_Core_OTS_SubAssembly_PCBStack.FCStd,1
6.06979e+12,,D:/Work/ArribadaInitiative/2026/cad-marlin-ots/CAD_INTERNAL/FREECAD_FILES/Assemblies/MARLIN_Core_OTS_SubAssembly_PCBStack.FCStd,1
6.06979e+12,,D:/Work/ArribadaInitiative/2026/cad-marlin-ots/CAD_INTERNAL/FREECAD_FILES/Assemblies/MARLIN_Core_OTS_SubAssembly_PCBStack.FCStd,1
6.06979e+12,,D:/Work/ArribadaInitiative/2026/cad-marlin-ots/CAD_INTERNAL/FREECAD_FILES/Assemblies/MARLIN_Core_OTS_SubAssembly_PCBStack.FCStd,1
6.06979e+12,,D:/Work/ArribadaInitiative/2026/cad-marlin-ots/CAD_INTERNAL/FREECAD_FILES/Assemblies/MARLIN_Core_OTS_SubAssembly_PCBStack.FCStd,1
L4,,D:/Work/ArribadaInitiative/2026/cad-marlin-ots/CAD_INTERNAL/FREECAD_FILES/Assemblies/MARLIN_Core_OTS_SubAssembly_PCBStack.FCStd,1
6.06979e+12,,D:/Work/ArribadaInitiative/2026/cad-marlin-ots/CAD_INTERNAL/FREECAD_FILES/Assemblies/MARLIN_Core_OTS_SubAssembly_PCBStack.FCStd,1
6.06979e+09,,D:/Work/ArribadaInitiative/2026/cad-marlin-ots/CAD_INTERNAL/FREECAD_FILES/Assemblies/MARLIN_Core_OTS_SubAssembly_PCBStack.FCStd,1
6.06979e+12,,D:/Work/ArribadaInitiative/2026/cad-marlin-ots/CAD_INTERNAL/FREECAD_FILES/Assemblies/MARLIN_Core_OTS_SubAssembly_PCBStack.FCStd,1
6.06979e+12,,D:/Work/ArribadaInitiative/2026/cad-marlin-ots/CAD_INTERNAL/FREECAD_FILES/Assemblies/MARLIN_Core_OTS_SubAssembly_PCBStack.FCStd,1
6.06979e+12,,D:/Work/ArribadaInitiative/2026/cad-marlin-ots/CAD_INTERNAL/FREECAD_FILES/Assemblies/MARLIN_Core_OTS_SubAssembly_PCBStack.FCStd,1
6.06979e+12,,D:/Work/ArribadaInitiative/2026/cad-marlin-ots/CAD_INTERNAL/FREECAD_FILES/Assemblies/MARLIN_Core_OTS_SubAssembly_PCBStack.FCStd,1
L2,,D:/Work/ArribadaInitiative/2026/cad-marlin-ots/CAD_INTERNAL/FREECAD_FILES/Assemblies/MARLIN_Core_OTS_SubAssembly_PCBStack.FCStd,1
6.06979e+12,,D:/Work/ArribadaInitiative/2026/cad-marlin-ots/CAD_INTERNAL/FREECAD_FILES/Assemblies/MARLIN_Core_OTS_SubAssembly_PCBStack.FCStd,1
6.06979e+09,,D:/Work/ArribadaInitiative/2026/cad-marlin-ots/CAD_INTERNAL/FREECAD_FILES/Assemblies/MARLIN_Core_OTS_SubAssembly_PCBStack.FCStd,1
6.06979e+12,,D:/Work/ArribadaInitiative/2026/cad-marlin-ots/CAD_INTERNAL/FREECAD_FILES/Assemblies/MARLIN_Core_OTS_SubAssembly_PCBStack.FCStd,1
6.06979e+12,,D:/Work/ArribadaInitiative/2026/cad-marlin-ots/CAD_INTERNAL/FREECAD_FILES/Assemblies/MARLIN_Core_OTS_SubAssembly_PCBStack.FCStd,1
6.06979e+12,,D:/Work/ArribadaInitiative/2026/cad-marlin-ots/CAD_INTERNAL/FREECAD_FILES/Assemblies/MARLIN_Core_OTS_SubAssembly_PCBStack.FCStd,1
6.06979e+12,,D:/Work/ArribadaInitiative/2026/cad-marlin-ots/CAD_INTERNAL/FREECAD_FILES/Assemblies/MARLIN_Core_OTS_SubAssembly_PCBStack.FCStd,1
L1,,D:/Work/ArribadaInitiative/2026/cad-marlin-ots/CAD_INTERNAL/FREECAD_FILES/Assemblies/MARLIN_Core_OTS_SubAssembly_PCBStack.FCStd,1
6.06979e+09,,D:/Work/ArribadaInitiative/2026/cad-marlin-ots/CAD_INTERNAL/FREECAD_FILES/Assemblies/MARLIN_Core_OTS_SubAssembly_PCBStack.FCStd,1
term015,,D:/Work/ArribadaInitiative/2026/cad-marlin-ots/CAD_INTERNAL/FREECAD_FILES/Assemblies/MARLIN_Core_OTS_SubAssembly_PCBStack.FCStd,1
term016,,D:/Work/ArribadaInitiative/2026/cad-marlin-ots/CAD_INTERNAL/FREECAD_FILES/Assemblies/MARLIN_Core_OTS_SubAssembly_PCBStack.FCStd,1
body007,,D:/Work/ArribadaInitiative/2026/cad-marlin-ots/CAD_INTERNAL/FREECAD_FILES/Assemblies/MARLIN_Core_OTS_SubAssembly_PCBStack.FCStd,1
FB2,,D:/Work/ArribadaInitiative/2026/cad-marlin-ots/CAD_INTERNAL/FREECAD_FILES/Assemblies/MARLIN_Core_OTS_SubAssembly_PCBStack.FCStd,1
6.06978e+12,,D:/Work/ArribadaInitiative/2026/cad-marlin-ots/CAD_INTERNAL/FREECAD_FILES/Assemblies/MARLIN_Core_OTS_SubAssembly_PCBStack.FCStd,1
6.06978e+09,,D:/Work/ArribadaInitiative/2026/cad-marlin-ots/CAD_INTERNAL/FREECAD_FILES/Assemblies/MARLIN_Core_OTS_SubAssembly_PCBStack.FCStd,1
6.06978e+12,,D:/Work/ArribadaInitiative/2026/cad-marlin-ots/CAD_INTERNAL/FREECAD_FILES/Assemblies/MARLIN_Core_OTS_SubAssembly_PCBStack.FCStd,1
6.06978e+12,,D:/Work/ArribadaInitiative/2026/cad-marlin-ots/CAD_INTERNAL/FREECAD_FILES/Assemblies/MARLIN_Core_OTS_SubAssembly_PCBStack.FCStd,1
C49,,D:/Work/ArribadaInitiative/2026/cad-marlin-ots/CAD_INTERNAL/FREECAD_FILES/Assemblies/MARLIN_Core_OTS_SubAssembly_PCBStack.FCStd,1
6.1852e+12,,D:/Work/ArribadaInitiative/2026/cad-marlin-ots/CAD_INTERNAL/FREECAD_FILES/Assemblies/MARLIN_Core_OTS_SubAssembly_PCBStack.FCStd,1
Extruded090,,D:/Work/ArribadaInitiative/2026/cad-marlin-ots/CAD_INTERNAL/FREECAD_FILES/Assemblies/MARLIN_Core_OTS_SubAssembly_PCBStack.FCStd,1
C47,,D:/Work/ArribadaInitiative/2026/cad-marlin-ots/CAD_INTERNAL/FREECAD_FILES/Assemblies/MARLIN_Core_OTS_SubAssembly_PCBStack.FCStd,1
6.1852e+12,,D:/Work/ArribadaInitiative/2026/cad-marlin-ots/CAD_INTERNAL/FREECAD_FILES/Assemblies/MARLIN_Core_OTS_SubAssembly_PCBStack.FCStd,1
Extruded091,,D:/Work/ArribadaInitiative/2026/cad-marlin-ots/CAD_INTERNAL/FREECAD_FILES/Assemblies/MARLIN_Core_OTS_SubAssembly_PCBStack.FCStd,1
C46,,D:/Work/ArribadaInitiative/2026/cad-marlin-ots/CAD_INTERNAL/FREECAD_FILES/Assemblies/MARLIN_Core_OTS_SubAssembly_PCBStack.FCStd,1
6.1852e+12,,D:/Work/ArribadaInitiative/2026/cad-marlin-ots/CAD_INTERNAL/FREECAD_FILES/Assemblies/MARLIN_Core_OTS_SubAssembly_PCBStack.FCStd,1
Extruded092,,D:/Work/ArribadaInitiative/2026/cad-marlin-ots/CAD_INTERNAL/FREECAD_FILES/Assemblies/MARLIN_Core_OTS_SubAssembly_PCBStack.FCStd,1
C44,,D:/Work/ArribadaInitiative/2026/cad-marlin-ots/CAD_INTERNAL/FREECAD_FILES/Assemblies/MARLIN_Core_OTS_SubAssembly_PCBStack.FCStd,1
6.1852e+12,,D:/Work/ArribadaInitiative/2026/cad-marlin-ots/CAD_INTERNAL/FREECAD_FILES/Assemblies/MARLIN_Core_OTS_SubAssembly_PCBStack.FCStd,1
Extruded093,,D:/Work/ArribadaInitiative/2026/cad-marlin-ots/CAD_INTERNAL/FREECAD_FILES/Assemblies/MARLIN_Core_OTS_SubAssembly_PCBStack.FCStd,1
C43,,D:/Work/ArribadaInitiative/2026/cad-marlin-ots/CAD_INTERNAL/FREECAD_FILES/Assemblies/MARLIN_Core_OTS_SubAssembly_PCBStack.FCStd,1
6.1852e+12,,D:/Work/ArribadaInitiative/2026/cad-marlin-ots/CAD_INTERNAL/FREECAD_FILES/Assemblies/MARLIN_Core_OTS_SubAssembly_PCBStack.FCStd,1
Extruded094,,D:/Work/ArribadaInitiative/2026/cad-marlin-ots/CAD_INTERNAL/FREECAD_FILES/Assemblies/MARLIN_Core_OTS_SubAssembly_PCBStack.FCStd,1
C41,,D:/Work/ArribadaInitiative/2026/cad-marlin-ots/CAD_INTERNAL/FREECAD_FILES/Assemblies/MARLIN_Core_OTS_SubAssembly_PCBStack.FCStd,1
6.1852e+12,,D:/Work/ArribadaInitiative/2026/cad-marlin-ots/CAD_INTERNAL/FREECAD_FILES/Assemblies/MARLIN_Core_OTS_SubAssembly_PCBStack.FCStd,1
Extruded095,,D:/Work/ArribadaInitiative/2026/cad-marlin-ots/CAD_INTERNAL/FREECAD_FILES/Assemblies/MARLIN_Core_OTS_SubAssembly_PCBStack.FCStd,1
C40,,D:/Work/ArribadaInitiative/2026/cad-marlin-ots/CAD_INTERNAL/FREECAD_FILES/Assemblies/MARLIN_Core_OTS_SubAssembly_PCBStack.FCStd,1
6.1852e+12,,D:/Work/ArribadaInitiative/2026/cad-marlin-ots/CAD_INTERNAL/FREECAD_FILES/Assemblies/MARLIN_Core_OTS_SubAssembly_PCBStack.FCStd,1
Extruded096,,D:/Work/ArribadaInitiative/2026/cad-marlin-ots/CAD_INTERNAL/FREECAD_FILES/Assemblies/MARLIN_Core_OTS_SubAssembly_PCBStack.FCStd,1
C39,,D:/Work/ArribadaInitiative/2026/cad-marlin-ots/CAD_INTERNAL/FREECAD_FILES/Assemblies/MARLIN_Core_OTS_SubAssembly_PCBStack.FCStd,1
6.1852e+12,,D:/Work/ArribadaInitiative/2026/cad-marlin-ots/CAD_INTERNAL/FREECAD_FILES/Assemblies/MARLIN_Core_OTS_SubAssembly_PCBStack.FCStd,1
Extruded097,,D:/Work/ArribadaInitiative/2026/cad-marlin-ots/CAD_INTERNAL/FREECAD_FILES/Assemblies/MARLIN_Core_OTS_SubAssembly_PCBStack.FCStd,1
C38,,D:/Work/ArribadaInitiative/2026/cad-marlin-ots/CAD_INTERNAL/FREECAD_FILES/Assemblies/MARLIN_Core_OTS_SubAssembly_PCBStack.FCStd,1
6.1852e+12,,D:/Work/ArribadaInitiative/2026/cad-marlin-ots/CAD_INTERNAL/FREECAD_FILES/Assemblies/MARLIN_Core_OTS_SubAssembly_PCBStack.FCStd,1
Extruded098,,D:/Work/ArribadaInitiative/2026/cad-marlin-ots/CAD_INTERNAL/FREECAD_FILES/Assemblies/MARLIN_Core_OTS_SubAssembly_PCBStack.FCStd,1
C37,,D:/Work/ArribadaInitiative/2026/cad-marlin-ots/CAD_INTERNAL/FREECAD_FILES/Assemblies/MARLIN_Core_OTS_SubAssembly_PCBStack.FCStd,1
6.1852e+12,,D:/Work/ArribadaInitiative/2026/cad-marlin-ots/CAD_INTERNAL/FREECAD_FILES/Assemblies/MARLIN_Core_OTS_SubAssembly_PCBStack.FCStd,1
Extruded099,,D:/Work/ArribadaInitiative/2026/cad-marlin-ots/CAD_INTERNAL/FREECAD_FILES/Assemblies/MARLIN_Core_OTS_SubAssembly_PCBStack.FCStd,1
C36,,D:/Work/ArribadaInitiative/2026/cad-marlin-ots/CAD_INTERNAL/FREECAD_FILES/Assemblies/MARLIN_Core_OTS_SubAssembly_PCBStack.FCStd,1
6.1852e+12,,D:/Work/ArribadaInitiative/2026/cad-marlin-ots/CAD_INTERNAL/FREECAD_FILES/Assemblies/MARLIN_Core_OTS_SubAssembly_PCBStack.FCStd,1
Extruded100,,D:/Work/ArribadaInitiative/2026/cad-marlin-ots/CAD_INTERNAL/FREECAD_FILES/Assemblies/MARLIN_Core_OTS_SubAssembly_PCBStack.FCStd,1
a,,D:/Work/ArribadaInitiative/2026/cad-marlin-ots/CAD_INTERNAL/FREECAD_FILES/Assemblies/MARLIN_Core_OTS_SubAssembly_PCBStack.FCStd,1
6.1852e+12,,D:/Work/ArribadaInitiative/2026/cad-marlin-ots/CAD_INTERNAL/FREECAD_FILES/Assemblies/MARLIN_Core_OTS_SubAssembly_PCBStack.FCStd,1
Extruded101,,D:/Work/ArribadaInitiative/2026/cad-marlin-ots/CAD_INTERNAL/FREECAD_FILES/Assemblies/MARLIN_Core_OTS_SubAssembly_PCBStack.FCStd,1
C18,,D:/Work/ArribadaInitiative/2026/cad-marlin-ots/CAD_INTERNAL/FREECAD_FILES/Assemblies/MARLIN_Core_OTS_SubAssembly_PCBStack.FCStd,1
6.20766e+12,,D:/Work/ArribadaInitiative/2026/cad-marlin-ots/CAD_INTERNAL/FREECAD_FILES/Assemblies/MARLIN_Core_OTS_SubAssembly_PCBStack.FCStd,1
Extruded102,,D:/Work/ArribadaInitiative/2026/cad-marlin-ots/CAD_INTERNAL/FREECAD_FILES/Assemblies/MARLIN_Core_OTS_SubAssembly_PCBStack.FCStd,1
C17,,D:/Work/ArribadaInitiative/2026/cad-marlin-ots/CAD_INTERNAL/FREECAD_FILES/Assemblies/MARLIN_Core_OTS_SubAssembly_PCBStack.FCStd,1
6.20766e+12,,D:/Work/ArribadaInitiative/2026/cad-marlin-ots/CAD_INTERNAL/FREECAD_FILES/Assemblies/MARLIN_Core_OTS_SubAssembly_PCBStack.FCStd,1
Extruded103,,D:/Work/ArribadaInitiative/2026/cad-marlin-ots/CAD_INTERNAL/FREECAD_FILES/Assemblies/MARLIN_Core_OTS_SubAssembly_PCBStack.FCStd,1
C15,,D:/Work/ArribadaInitiative/2026/cad-marlin-ots/CAD_INTERNAL/FREECAD_FILES/Assemblies/MARLIN_Core_OTS_SubAssembly_PCBStack.FCStd,1
6.20766e+12,,D:/Work/ArribadaInitiative/2026/cad-marlin-ots/CAD_INTERNAL/FREECAD_FILES/Assemblies/MARLIN_Core_OTS_SubAssembly_PCBStack.FCStd,1
Extruded104,,D:/Work/ArribadaInitiative/2026/cad-marlin-ots/CAD_INTERNAL/FREECAD_FILES/Assemblies/MARLIN_Core_OTS_SubAssembly_PCBStack.FCStd,1
C14,,D:/Work/ArribadaInitiative/2026/cad-marlin-ots/CAD_INTERNAL/FREECAD_FILES/Assemblies/MARLIN_Core_OTS_SubAssembly_PCBStack.FCStd,1
6.20766e+12,,D:/Work/ArribadaInitiative/2026/cad-marlin-ots/CAD_INTERNAL/FREECAD_FILES/Assemblies/MARLIN_Core_OTS_SubAssembly_PCBStack.FCStd,1
Extruded105,,D:/Work/ArribadaInitiative/2026/cad-marlin-ots/CAD_INTERNAL/FREECAD_FILES/Assemblies/MARLIN_Core_OTS_SubAssembly_PCBStack.FCStd,1
C13,,D:/Work/ArribadaInitiative/2026/cad-marlin-ots/CAD_INTERNAL/FREECAD_FILES/Assemblies/MARLIN_Core_OTS_SubAssembly_PCBStack.FCStd,1
6.20766e+12,,D:/Work/ArribadaInitiative/2026/cad-marlin-ots/CAD_INTERNAL/FREECAD_FILES/Assemblies/MARLIN_Core_OTS_SubAssembly_PCBStack.FCStd,1
Extruded106,,D:/Work/ArribadaInitiative/2026/cad-marlin-ots/CAD_INTERNAL/FREECAD_FILES/Assemblies/MARLIN_Core_OTS_SubAssembly_PCBStack.FCStd,1
C12,,D:/Work/ArribadaInitiative/2026/cad-marlin-ots/CAD_INTERNAL/FREECAD_FILES/Assemblies/MARLIN_Core_OTS_SubAssembly_PCBStack.FCStd,1
6.20766e+09,,D:/Work/ArribadaInitiative/2026/cad-marlin-ots/CAD_INTERNAL/FREECAD_FILES/Assemblies/MARLIN_Core_OTS_SubAssembly_PCBStack.FCStd,1
Extruded107,,D:/Work/ArribadaInitiative/2026/cad-marlin-ots/CAD_INTERNAL/FREECAD_FILES/Assemblies/MARLIN_Core_OTS_SubAssembly_PCBStack.FCStd,1
C10,,D:/Work/ArribadaInitiative/2026/cad-marlin-ots/CAD_INTERNAL/FREECAD_FILES/Assemblies/MARLIN_Core_OTS_SubAssembly_PCBStack.FCStd,1
6.20766e+12,,D:/Work/ArribadaInitiative/2026/cad-marlin-ots/CAD_INTERNAL/FREECAD_FILES/Assemblies/MARLIN_Core_OTS_SubAssembly_PCBStack.FCStd,1
Extruded108,,D:/Work/ArribadaInitiative/2026/cad-marlin-ots/CAD_INTERNAL/FREECAD_FILES/Assemblies/MARLIN_Core_OTS_SubAssembly_PCBStack.FCStd,1
C9,,D:/Work/ArribadaInitiative/2026/cad-marlin-ots/CAD_INTERNAL/FREECAD_FILES/Assemblies/MARLIN_Core_OTS_SubAssembly_PCBStack.FCStd,1
6.20766e+09,,D:/Work/ArribadaInitiative/2026/cad-marlin-ots/CAD_INTERNAL/FREECAD_FILES/Assemblies/MARLIN_Core_OTS_SubAssembly_PCBStack.FCStd,1
Extruded109,,D:/Work/ArribadaInitiative/2026/cad-marlin-ots/CAD_INTERNAL/FREECAD_FILES/Assemblies/MARLIN_Core_OTS_SubAssembly_PCBStack.FCStd,1
C067,,D:/Work/ArribadaInitiative/2026/cad-marlin-ots/CAD_INTERNAL/FREECAD_FILES/Assemblies/MARLIN_Core_OTS_SubAssembly_PCBStack.FCStd,1
6.20766e+12,,D:/Work/ArribadaInitiative/2026/cad-marlin-ots/CAD_INTERNAL/FREECAD_FILES/Assemblies/MARLIN_Core_OTS_SubAssembly_PCBStack.FCStd,1
Extruded110,,D:/Work/ArribadaInitiative/2026/cad-marlin-ots/CAD_INTERNAL/FREECAD_FILES/Assemblies/MARLIN_Core_OTS_SubAssembly_PCBStack.FCStd,1
C068,,D:/Work/ArribadaInitiative/2026/cad-marlin-ots/CAD_INTERNAL/FREECAD_FILES/Assemblies/MARLIN_Core_OTS_SubAssembly_PCBStack.FCStd,1
6.20766e+09,,D:/Work/ArribadaInitiative/2026/cad-marlin-ots/CAD_INTERNAL/FREECAD_FILES/Assemblies/MARLIN_Core_OTS_SubAssembly_PCBStack.FCStd,1
Extruded111,,D:/Work/ArribadaInitiative/2026/cad-marlin-ots/CAD_INTERNAL/FREECAD_FILES/Assemblies/MARLIN_Core_OTS_SubAssembly_PCBStack.FCStd,1
C069,,D:/Work/ArribadaInitiative/2026/cad-marlin-ots/CAD_INTERNAL/FREECAD_FILES/Assemblies/MARLIN_Core_OTS_SubAssembly_PCBStack.FCStd,1
6.20766e+12,,D:/Work/ArribadaInitiative/2026/cad-marlin-ots/CAD_INTERNAL/FREECAD_FILES/Assemblies/MARLIN_Core_OTS_SubAssembly_PCBStack.FCStd,1
Extruded112,,D:/Work/ArribadaInitiative/2026/cad-marlin-ots/CAD_INTERNAL/FREECAD_FILES/Assemblies/MARLIN_Core_OTS_SubAssembly_PCBStack.FCStd,1
C058,,D:/Work/ArribadaInitiative/2026/cad-marlin-ots/CAD_INTERNAL/FREECAD_FILES/Assemblies/MARLIN_Core_OTS_SubAssembly_PCBStack.FCStd,1
6.20766e+12,,D:/Work/ArribadaInitiative/2026/cad-marlin-ots/CAD_INTERNAL/FREECAD_FILES/Assemblies/MARLIN_Core_OTS_SubAssembly_PCBStack.FCStd,1
Extruded113,,D:/Work/ArribadaInitiative/2026/cad-marlin-ots/CAD_INTERNAL/FREECAD_FILES/Assemblies/MARLIN_Core_OTS_SubAssembly_PCBStack.FCStd,1
C059,,D:/Work/ArribadaInitiative/2026/cad-marlin-ots/CAD_INTERNAL/FREECAD_FILES/Assemblies/MARLIN_Core_OTS_SubAssembly_PCBStack.FCStd,1
6.20766e+12,,D:/Work/ArribadaInitiative/2026/cad-marlin-ots/CAD_INTERNAL/FREECAD_FILES/Assemblies/MARLIN_Core_OTS_SubAssembly_PCBStack.FCStd,1
Extruded114,,D:/Work/ArribadaInitiative/2026/cad-marlin-ots/CAD_INTERNAL/FREECAD_FILES/Assemblies/MARLIN_Core_OTS_SubAssembly_PCBStack.FCStd,1
C070,,D:/Work/ArribadaInitiative/2026/cad-marlin-ots/CAD_INTERNAL/FREECAD_FILES/Assemblies/MARLIN_Core_OTS_SubAssembly_PCBStack.FCStd,1
6.20766e+12,,D:/Work/ArribadaInitiative/2026/cad-marlin-ots/CAD_INTERNAL/FREECAD_FILES/Assemblies/MARLIN_Core_OTS_SubAssembly_PCBStack.FCStd,1
Extruded115,,D:/Work/ArribadaInitiative/2026/cad-marlin-ots/CAD_INTERNAL/FREECAD_FILES/Assemblies/MARLIN_Core_OTS_SubAssembly_PCBStack.FCStd,1
C071,,D:/Work/ArribadaInitiative/2026/cad-marlin-ots/CAD_INTERNAL/FREECAD_FILES/Assemblies/MARLIN_Core_OTS_SubAssembly_PCBStack.FCStd,1
6.20766e+12,,D:/Work/ArribadaInitiative/2026/cad-marlin-ots/CAD_INTERNAL/FREECAD_FILES/Assemblies/MARLIN_Core_OTS_SubAssembly_PCBStack.FCStd,1
Extruded116,,D:/Work/ArribadaInitiative/2026/cad-marlin-ots/CAD_INTERNAL/FREECAD_FILES/Assemblies/MARLIN_Core_OTS_SubAssembly_PCBStack.FCStd,1
C072,,D:/Work/ArribadaInitiative/2026/cad-marlin-ots/CAD_INTERNAL/FREECAD_FILES/Assemblies/MARLIN_Core_OTS_SubAssembly_PCBStack.FCStd,1
CAPC1608X09,,D:/Work/ArribadaInitiative/2026/cad-marlin-ots/CAD_INTERNAL/FREECAD_FILES/Assemblies/MARLIN_Core_OTS_SubAssembly_PCBStack.FCStd,1
R27,,D:/Work/ArribadaInitiative/2026/cad-marlin-ots/CAD_INTERNAL/FREECAD_FILES/Assemblies/MARLIN_Core_OTS_SubAssembly_PCBStack.FCStd,1
8.51345e+09,,D:/Work/ArribadaInitiative/2026/cad-marlin-ots/CAD_INTERNAL/FREECAD_FILES/Assemblies/MARLIN_Core_OTS_SubAssembly_PCBStack.FCStd,1
solidBody,,D:/Work/ArribadaInitiative/2026/cad-marlin-ots/CAD_INTERNAL/FREECAD_FILES/Assemblies/MARLIN_Core_OTS_SubAssembly_PCBStack.FCStd,1
Terminal002,,D:/Work/ArribadaInitiative/2026/cad-marlin-ots/CAD_INTERNAL/FREECAD_FILES/Assemblies/MARLIN_Core_OTS_SubAssembly_PCBStack.FCStd,1
Terminal,,D:/Work/ArribadaInitiative/2026/cad-marlin-ots/CAD_INTERNAL/FREECAD_FILES/Assemblies/MARLIN_Core_OTS_SubAssembly_PCBStack.FCStd,1
Terminal001,,D:/Work/ArribadaInitiative/2026/cad-marlin-ots/CAD_INTERNAL/FREECAD_FILES/Assemblies/MARLIN_Core_OTS_SubAssembly_PCBStack.FCStd,1
solidTop,,D:/Work/ArribadaInitiative/2026/cad-marlin-ots/CAD_INTERNAL/FREECAD_FILES/Assemblies/MARLIN_Core_OTS_SubAssembly_PCBStack.FCStd,1
R25,,D:/Work/ArribadaInitiative/2026/cad-marlin-ots/CAD_INTERNAL/FREECAD_FILES/Assemblies/MARLIN_Core_OTS_SubAssembly_PCBStack.FCStd,1
6.89859e+09,,D:/Work/ArribadaInitiative/2026/cad-marlin-ots/CAD_INTERNAL/FREECAD_FILES/Assemblies/MARLIN_Core_OTS_SubAssembly_PCBStack.FCStd,1
term017,,D:/Work/ArribadaInitiative/2026/cad-marlin-ots/CAD_INTERNAL/FREECAD_FILES/Assemblies/MARLIN_Core_OTS_SubAssembly_PCBStack.FCStd,1
term018,,D:/Work/ArribadaInitiative/2026/cad-marlin-ots/CAD_INTERNAL/FREECAD_FILES/Assemblies/MARLIN_Core_OTS_SubAssembly_PCBStack.FCStd,1
body008,,D:/Work/ArribadaInitiative/2026/cad-marlin-ots/CAD_INTERNAL/FREECAD_FILES/Assemblies/MARLIN_Core_OTS_SubAssembly_PCBStack.FCStd,1
R18,,D:/Work/ArribadaInitiative/2026/cad-marlin-ots/CAD_INTERNAL/FREECAD_FILES/Assemblies/MARLIN_Core_OTS_SubAssembly_PCBStack.FCStd,1
6.89859e+09,,D:/Work/ArribadaInitiative/2026/cad-marlin-ots/CAD_INTERNAL/FREECAD_FILES/Assemblies/MARLIN_Core_OTS_SubAssembly_PCBStack.FCStd,1
R17,,D:/Work/ArribadaInitiative/2026/cad-marlin-ots/CAD_INTERNAL/FREECAD_FILES/Assemblies/MARLIN_Core_OTS_SubAssembly_PCBStack.FCStd,1
6.89859e+12,,D:/Work/ArribadaInitiative/2026/cad-marlin-ots/CAD_INTERNAL/FREECAD_FILES/Assemblies/MARLIN_Core_OTS_SubAssembly_PCBStack.FCStd,1
R031,,D:/Work/ArribadaInitiative/2026/cad-marlin-ots/CAD_INTERNAL/FREECAD_FILES/Assemblies/MARLIN_Core_OTS_SubAssembly_PCBStack.FCStd,1
6.89859e+12,,D:/Work/ArribadaInitiative/2026/cad-marlin-ots/CAD_INTERNAL/FREECAD_FILES/Assemblies/MARLIN_Core_OTS_SubAssembly_PCBStack.FCStd,1
R5,,D:/Work/ArribadaInitiative/2026/cad-marlin-ots/CAD_INTERNAL/FREECAD_FILES/Assemblies/MARLIN_Core_OTS_SubAssembly_PCBStack.FCStd,1
6.89859e+12,,D:/Work/ArribadaInitiative/2026/cad-marlin-ots/CAD_INTERNAL/FREECAD_FILES/Assemblies/MARLIN_Core_OTS_SubAssembly_PCBStack.FCStd,1
R032,,D:/Work/ArribadaInitiative/2026/cad-marlin-ots/CAD_INTERNAL/FREECAD_FILES/Assemblies/MARLIN_Core_OTS_SubAssembly_PCBStack.FCStd,1
8.51411e+09,,D:/Work/ArribadaInitiative/2026/cad-marlin-ots/CAD_INTERNAL/FREECAD_FILES/Assemblies/MARLIN_Core_OTS_SubAssembly_PCBStack.FCStd,1
term019,,D:/Work/ArribadaInitiative/2026/cad-marlin-ots/CAD_INTERNAL/FREECAD_FILES/Assemblies/MARLIN_Core_OTS_SubAssembly_PCBStack.FCStd,1
term020,,D:/Work/ArribadaInitiative/2026/cad-marlin-ots/CAD_INTERNAL/FREECAD_FILES/Assemblies/MARLIN_Core_OTS_SubAssembly_PCBStack.FCStd,1
body009,,D:/Work/ArribadaInitiative/2026/cad-marlin-ots/CAD_INTERNAL/FREECAD_FILES/Assemblies/MARLIN_Core_OTS_SubAssembly_PCBStack.FCStd,1
Q2,,D:/Work/ArribadaInitiative/2026/cad-marlin-ots/CAD_INTERNAL/FREECAD_FILES/Assemblies/MARLIN_Core_OTS_SubAssembly_PCBStack.FCStd,1
8.51411e+09,,D:/Work/ArribadaInitiative/2026/cad-marlin-ots/CAD_INTERNAL/FREECAD_FILES/Assemblies/MARLIN_Core_OTS_SubAssembly_PCBStack.FCStd,1
Upper body,,D:/Work/ArribadaInitiative/2026/cad-marlin-ots/CAD_INTERNAL/FREECAD_FILES/Assemblies/MARLIN_Core_OTS_SubAssembly_PCBStack.FCStd,1
lower body,,D:/Work/ArribadaInitiative/2026/cad-marlin-ots/CAD_INTERNAL/FREECAD_FILES/Assemblies/MARLIN_Core_OTS_SubAssembly_PCBStack.FCStd,1
Lead,,D:/Work/ArribadaInitiative/2026/cad-marlin-ots/CAD_INTERNAL/FREECAD_FILES/Assemblies/MARLIN_Core_OTS_SubAssembly_PCBStack.FCStd,1
Lead001,,D:/Work/ArribadaInitiative/2026/cad-marlin-ots/CAD_INTERNAL/FREECAD_FILES/Assemblies/MARLIN_Core_OTS_SubAssembly_PCBStack.FCStd,1
Lead002,,D:/Work/ArribadaInitiative/2026/cad-marlin-ots/CAD_INTERNAL/FREECAD_FILES/Assemblies/MARLIN_Core_OTS_SubAssembly_PCBStack.FCStd,1
Q1,,D:/Work/ArribadaInitiative/2026/cad-marlin-ots/CAD_INTERNAL/FREECAD_FILES/Assemblies/MARLIN_Core_OTS_SubAssembly_PCBStack.FCStd,1
8.51411e+09,,D:/Work/ArribadaInitiative/2026/cad-marlin-ots/CAD_INTERNAL/FREECAD_FILES/Assemblies/MARLIN_Core_OTS_SubAssembly_PCBStack.FCStd,1
Body002,,D:/Work/ArribadaInitiative/2026/cad-marlin-ots/CAD_INTERNAL/FREECAD_FILES/Assemblies/MARLIN_Core_OTS_SubAssembly_PCBStack.FCStd,1
PinsArrayL002,,D:/Work/ArribadaInitiative/2026/cad-marlin-ots/CAD_INTERNAL/FREECAD_FILES/Assemblies/MARLIN_Core_OTS_SubAssembly_PCBStack.FCStd,1
PinsArrayL,,D:/Work/ArribadaInitiative/2026/cad-marlin-ots/CAD_INTERNAL/FREECAD_FILES/Assemblies/MARLIN_Core_OTS_SubAssembly_PCBStack.FCStd,1
PinsArrayL001,,D:/Work/ArribadaInitiative/2026/cad-marlin-ots/CAD_INTERNAL/FREECAD_FILES/Assemblies/MARLIN_Core_OTS_SubAssembly_PCBStack.FCStd,1
FilletPinR,,D:/Work/ArribadaInitiative/2026/cad-marlin-ots/CAD_INTERNAL/FREECAD_FILES/Assemblies/MARLIN_Core_OTS_SubAssembly_PCBStack.FCStd,1
L014,,D:/Work/ArribadaInitiative/2026/cad-marlin-ots/CAD_INTERNAL/FREECAD_FILES/Assemblies/MARLIN_Core_OTS_SubAssembly_PCBStack.FCStd,1
8.51346e+09,,D:/Work/ArribadaInitiative/2026/cad-marlin-ots/CAD_INTERNAL/FREECAD_FILES/Assemblies/MARLIN_Core_OTS_SubAssembly_PCBStack.FCStd,1
term021,,D:/Work/ArribadaInitiative/2026/cad-marlin-ots/CAD_INTERNAL/FREECAD_FILES/Assemblies/MARLIN_Core_OTS_SubAssembly_PCBStack.FCStd,1
term022,,D:/Work/ArribadaInitiative/2026/cad-marlin-ots/CAD_INTERNAL/FREECAD_FILES/Assemblies/MARLIN_Core_OTS_SubAssembly_PCBStack.FCStd,1
body010,,D:/Work/ArribadaInitiative/2026/cad-marlin-ots/CAD_INTERNAL/FREECAD_FILES/Assemblies/MARLIN_Core_OTS_SubAssembly_PCBStack.FCStd,1
L015,,D:/Work/ArribadaInitiative/2026/cad-marlin-ots/CAD_INTERNAL/FREECAD_FILES/Assemblies/MARLIN_Core_OTS_SubAssembly_PCBStack.FCStd,1
8.51411e+12,,D:/Work/ArribadaInitiative/2026/cad-marlin-ots/CAD_INTERNAL/FREECAD_FILES/Assemblies/MARLIN_Core_OTS_SubAssembly_PCBStack.FCStd,1
8.51411e+09,,D:/Work/ArribadaInitiative/2026/cad-marlin-ots/CAD_INTERNAL/FREECAD_FILES/Assemblies/MARLIN_Core_OTS_SubAssembly_PCBStack.FCStd,1
8.51411e+12,,D:/Work/ArribadaInitiative/2026/cad-marlin-ots/CAD_INTERNAL/FREECAD_FILES/Assemblies/MARLIN_Core_OTS_SubAssembly_PCBStack.FCStd,1
8.51411e+12,,D:/Work/ArribadaInitiative/2026/cad-marlin-ots/CAD_INTERNAL/FREECAD_FILES/Assemblies/MARLIN_Core_OTS_SubAssembly_PCBStack.FCStd,1
8.51411e+12,,D:/Work/ArribadaInitiative/2026/cad-marlin-ots/CAD_INTERNAL/FREECAD_FILES/Assemblies/MARLIN_Core_OTS_SubAssembly_PCBStack.FCStd,1
8.51411e+12,,D:/Work/ArribadaInitiative/2026/cad-marlin-ots/CAD_INTERNAL/FREECAD_FILES/Assemblies/MARLIN_Core_OTS_SubAssembly_PCBStack.FCStd,1
J008,,D:/Work/ArribadaInitiative/2026/cad-marlin-ots/CAD_INTERNAL/FREECAD_FILES/Assemblies/MARLIN_Core_OTS_SubAssembly_PCBStack.FCStd,1
SSM-116-F-SV-P-TR001,,D:/Work/ArribadaInitiative/2026/cad-marlin-ots/CAD_INTERNAL/FREECAD_FILES/Assemblies/MARLIN_Core_OTS_SubAssembly_PCBStack.FCStd,1
C-95-0217,,D:/Work/ArribadaInitiative/2026/cad-marlin-ots/CAD_INTERNAL/FREECAD_FILES/Assemblies/MARLIN_Core_OTS_SubAssembly_PCBStack.FCStd,1
SSM-116-F-SV-P-TR_body001,,D:/Work/ArribadaInitiative/2026/cad-marlin-ots/CAD_INTERNAL/FREECAD_FILES/Assemblies/MARLIN_Core_OTS_SubAssembly_PCBStack.FCStd,1
J009,,D:/Work/ArribadaInitiative/2026/cad-marlin-ots/CAD_INTERNAL/FREECAD_FILES/Assemblies/MARLIN_Core_OTS_SubAssembly_PCBStack.FCStd,1
SSM-112-F-SV-P-TR001,,D:/Work/ArribadaInitiative/2026/cad-marlin-ots/CAD_INTERNAL/FREECAD_FILES/Assemblies/MARLIN_Core_OTS_SubAssembly_PCBStack.FCStd,1
C-95-0218,,D:/Work/ArribadaInitiative/2026/cad-marlin-ots/CAD_INTERNAL/FREECAD_FILES/Assemblies/MARLIN_Core_OTS_SubAssembly_PCBStack.FCStd,1
SSM-112-F-SV-P-TR_body001,,D:/Work/ArribadaInitiative/2026/cad-marlin-ots/CAD_INTERNAL/FREECAD_FILES/Assemblies/MARLIN_Core_OTS_SubAssembly_PCBStack.FCStd,1
J015,,D:/Work/ArribadaInitiative/2026/cad-marlin-ots/CAD_INTERNAL/FREECAD_FILES/Assemblies/MARLIN_Core_OTS_SubAssembly_PCBStack.FCStd,1
U.FL-R-SMT-016,,D:/Work/ArribadaInitiative/2026/cad-marlin-ots/CAD_INTERNAL/FREECAD_FILES/Assemblies/MARLIN_Core_OTS_SubAssembly_PCBStack.FCStd,1
U.FL-R-SMT-009,,D:/Work/ArribadaInitiative/2026/cad-marlin-ots/CAD_INTERNAL/FREECAD_FILES/Assemblies/MARLIN_Core_OTS_SubAssembly_PCBStack.FCStd,1
U.FL-R-SMT-010,,D:/Work/ArribadaInitiative/2026/cad-marlin-ots/CAD_INTERNAL/FREECAD_FILES/Assemblies/MARLIN_Core_OTS_SubAssembly_PCBStack.FCStd,1
U.FL-R-SMT-011,,D:/Work/ArribadaInitiative/2026/cad-marlin-ots/CAD_INTERNAL/FREECAD_FILES/Assemblies/MARLIN_Core_OTS_SubAssembly_PCBStack.FCStd,1
U.FL-R-SMT-012,,D:/Work/ArribadaInitiative/2026/cad-marlin-ots/CAD_INTERNAL/FREECAD_FILES/Assemblies/MARLIN_Core_OTS_SubAssembly_PCBStack.FCStd,1
U.FL-R-SMT-013,,D:/Work/ArribadaInitiative/2026/cad-marlin-ots/CAD_INTERNAL/FREECAD_FILES/Assemblies/MARLIN_Core_OTS_SubAssembly_PCBStack.FCStd,1
U.FL-R-SMT-014,,D:/Work/ArribadaInitiative/2026/cad-marlin-ots/CAD_INTERNAL/FREECAD_FILES/Assemblies/MARLIN_Core_OTS_SubAssembly_PCBStack.FCStd,1
U.FL-R-SMT-015,,D:/Work/ArribadaInitiative/2026/cad-marlin-ots/CAD_INTERNAL/FREECAD_FILES/Assemblies/MARLIN_Core_OTS_SubAssembly_PCBStack.FCStd,1
D010,,D:/Work/ArribadaInitiative/2026/cad-marlin-ots/CAD_INTERNAL/FREECAD_FILES/Assemblies/MARLIN_Core_OTS_SubAssembly_PCBStack.FCStd,1
8.51411e+09,,D:/Work/ArribadaInitiative/2026/cad-marlin-ots/CAD_INTERNAL/FREECAD_FILES/Assemblies/MARLIN_Core_OTS_SubAssembly_PCBStack.FCStd,1
Body003,,D:/Work/ArribadaInitiative/2026/cad-marlin-ots/CAD_INTERNAL/FREECAD_FILES/Assemblies/MARLIN_Core_OTS_SubAssembly_PCBStack.FCStd,1
PinKIdent,,D:/Work/ArribadaInitiative/2026/cad-marlin-ots/CAD_INTERNAL/FREECAD_FILES/Assemblies/MARLIN_Core_OTS_SubAssembly_PCBStack.FCStd,1
PinK,,D:/Work/ArribadaInitiative/2026/cad-marlin-ots/CAD_INTERNAL/FREECAD_FILES/Assemblies/MARLIN_Core_OTS_SubAssembly_PCBStack.FCStd,1
PinA,,D:/Work/ArribadaInitiative/2026/cad-marlin-ots/CAD_INTERNAL/FREECAD_FILES/Assemblies/MARLIN_Core_OTS_SubAssembly_PCBStack.FCStd,1
D1,,D:/Work/ArribadaInitiative/2026/cad-marlin-ots/CAD_INTERNAL/FREECAD_FILES/Assemblies/MARLIN_Core_OTS_SubAssembly_PCBStack.FCStd,1
8.51411e+12,,D:/Work/ArribadaInitiative/2026/cad-marlin-ots/CAD_INTERNAL/FREECAD_FILES/Assemblies/MARLIN_Core_OTS_SubAssembly_PCBStack.FCStd,1
Body004,,D:/Work/ArribadaInitiative/2026/cad-marlin-ots/CAD_INTERNAL/FREECAD_FILES/Assemblies/MARLIN_Core_OTS_SubAssembly_PCBStack.FCStd,1
PinKIdent001,,D:/Work/ArribadaInitiative/2026/cad-marlin-ots/CAD_INTERNAL/FREECAD_FILES/Assemblies/MARLIN_Core_OTS_SubAssembly_PCBStack.FCStd,1
PinK001,,D:/Work/ArribadaInitiative/2026/cad-marlin-ots/CAD_INTERNAL/FREECAD_FILES/Assemblies/MARLIN_Core_OTS_SubAssembly_PCBStack.FCStd,1
PinA001,,D:/Work/ArribadaInitiative/2026/cad-marlin-ots/CAD_INTERNAL/FREECAD_FILES/Assemblies/MARLIN_Core_OTS_SubAssembly_PCBStack.FCStd,1
C060,,D:/Work/ArribadaInitiative/2026/cad-marlin-ots/CAD_INTERNAL/FREECAD_FILES/Assemblies/MARLIN_Core_OTS_SubAssembly_PCBStack.FCStd,1
7.07493e+09,,D:/Work/ArribadaInitiative/2026/cad-marlin-ots/CAD_INTERNAL/FREECAD_FILES/Assemblies/MARLIN_Core_OTS_SubAssembly_PCBStack.FCStd,1
Extruded117,,D:/Work/ArribadaInitiative/2026/cad-marlin-ots/CAD_INTERNAL/FREECAD_FILES/Assemblies/MARLIN_Core_OTS_SubAssembly_PCBStack.FCStd,1
C061,,D:/Work/ArribadaInitiative/2026/cad-marlin-ots/CAD_INTERNAL/FREECAD_FILES/Assemblies/MARLIN_Core_OTS_SubAssembly_PCBStack.FCStd,1
7.07451e+09,,D:/Work/ArribadaInitiative/2026/cad-marlin-ots/CAD_INTERNAL/FREECAD_FILES/Assemblies/MARLIN_Core_OTS_SubAssembly_PCBStack.FCStd,1
Extruded118,,D:/Work/ArribadaInitiative/2026/cad-marlin-ots/CAD_INTERNAL/FREECAD_FILES/Assemblies/MARLIN_Core_OTS_SubAssembly_PCBStack.FCStd,1
7.07451e+09,,D:/Work/ArribadaInitiative/2026/cad-marlin-ots/CAD_INTERNAL/FREECAD_FILES/Assemblies/MARLIN_Core_OTS_SubAssembly_PCBStack.FCStd,1
Extruded119,,D:/Work/ArribadaInitiative/2026/cad-marlin-ots/CAD_INTERNAL/FREECAD_FILES/Assemblies/MARLIN_Core_OTS_SubAssembly_PCBStack.FCStd,1
7.07451e+12,,D:/Work/ArribadaInitiative/2026/cad-marlin-ots/CAD_INTERNAL/FREECAD_FILES/Assemblies/MARLIN_Core_OTS_SubAssembly_PCBStack.FCStd,1
Extruded120,,D:/Work/ArribadaInitiative/2026/cad-marlin-ots/CAD_INTERNAL/FREECAD_FILES/Assemblies/MARLIN_Core_OTS_SubAssembly_PCBStack.FCStd,1
AdafruitRTC_MaleHeaders002,,D:/Work/ArribadaInitiative/2026/cad-marlin-ots/CAD_INTERNAL/FREECAD_FILES/Assemblies/MARLIN_Core_OTS_SubAssembly_PCBStack.FCStd,2
AdafruitRTC_MaleHeaders,,D:/Work/ArribadaInitiative/2026/cad-marlin-ots/CAD_INTERNAL/FREECAD_FILES/Assemblies/MARLIN_Core_OTS_SubAssembly_PCBStack.FCStd,1
AdafruitRTC_MaleHeaders001,,D:/Work/ArribadaInitiative/2026/cad-marlin-ots/CAD_INTERNAL/FREECAD_FILES/Assemblies/MARLIN_Core_OTS_SubAssembly_PCBStack.FCStd,1
Adafruit nRF52840 Bluefruit Feather Express Rev D v2,,D:/Work/ArribadaInitiative/2026/cad-marlin-ots/CAD_INTERNAL/FREECAD_FILES/Assemblies/MARLIN_Core_OTS_SubAssembly_PCBStack.FCStd,2
PCB Component,,D:/Work/ArribadaInitiative/2026/cad-marlin-ots/CAD_INTERNAL/FREECAD_FILES/Assemblies/MARLIN_Core_OTS_SubAssembly_PCBStack.FCStd,1
Board,,D:/Work/ArribadaInitiative/2026/cad-marlin-ots/CAD_INTERNAL/FREECAD_FILES/Assemblies/MARLIN_Core_OTS_SubAssembly_PCBStack.FCStd,1
2X05_1.27MM_BOX_POSTS011,,D:/Work/ArribadaInitiative/2026/cad-marlin-ots/CAD_INTERNAL/FREECAD_FILES/Assemblies/MARLIN_Core_OTS_SubAssembly_PCBStack.FCStd,1
2X05_1.27MM_BOX_POSTS,,D:/Work/ArribadaInitiative/2026/cad-marlin-ots/CAD_INTERNAL/FREECAD_FILES/Assemblies/MARLIN_Core_OTS_SubAssembly_PCBStack.FCStd,1
2X05_1.27MM_BOX_POSTS001,,D:/Work/ArribadaInitiative/2026/cad-marlin-ots/CAD_INTERNAL/FREECAD_FILES/Assemblies/MARLIN_Core_OTS_SubAssembly_PCBStack.FCStd,1
2X05_1.27MM_BOX_POSTS002,,D:/Work/ArribadaInitiative/2026/cad-marlin-ots/CAD_INTERNAL/FREECAD_FILES/Assemblies/MARLIN_Core_OTS_SubAssembly_PCBStack.FCStd,1
2X05_1.27MM_BOX_POSTS003,,D:/Work/ArribadaInitiative/2026/cad-marlin-ots/CAD_INTERNAL/FREECAD_FILES/Assemblies/MARLIN_Core_OTS_SubAssembly_PCBStack.FCStd,1
2X05_1.27MM_BOX_POSTS004,,D:/Work/ArribadaInitiative/2026/cad-marlin-ots/CAD_INTERNAL/FREECAD_FILES/Assemblies/MARLIN_Core_OTS_SubAssembly_PCBStack.FCStd,1
2X05_1.27MM_BOX_POSTS005,,D:/Work/ArribadaInitiative/2026/cad-marlin-ots/CAD_INTERNAL/FREECAD_FILES/Assemblies/MARLIN_Core_OTS_SubAssembly_PCBStack.FCStd,1
2X05_1.27MM_BOX_POSTS006,,D:/Work/ArribadaInitiative/2026/cad-marlin-ots/CAD_INTERNAL/FREECAD_FILES/Assemblies/MARLIN_Core_OTS_SubAssembly_PCBStack.FCStd,1
2X05_1.27MM_BOX_POSTS007,,D:/Work/ArribadaInitiative/2026/cad-marlin-ots/CAD_INTERNAL/FREECAD_FILES/Assemblies/MARLIN_Core_OTS_SubAssembly_PCBStack.FCStd,1
2X05_1.27MM_BOX_POSTS008,,D:/Work/ArribadaInitiative/2026/cad-marlin-ots/CAD_INTERNAL/FREECAD_FILES/Assemblies/MARLIN_Core_OTS_SubAssembly_PCBStack.FCStd,1
2X05_1.27MM_BOX_POSTS009,,D:/Work/ArribadaInitiative/2026/cad-marlin-ots/CAD_INTERNAL/FREECAD_FILES/Assemblies/MARLIN_Core_OTS_SubAssembly_PCBStack.FCStd,1
2X05_1.27MM_BOX_POSTS010,,D:/Work/ArribadaInitiative/2026/cad-marlin-ots/CAD_INTERNAL/FREECAD_FILES/Assemblies/MARLIN_Core_OTS_SubAssembly_PCBStack.FCStd,1
XTAL3215,,D:/Work/ArribadaInitiative/2026/cad-marlin-ots/CAD_INTERNAL/FREECAD_FILES/Assemblies/MARLIN_Core_OTS_SubAssembly_PCBStack.FCStd,1
BTN_KMR2_4.6X2.8,,D:/Work/ArribadaInitiative/2026/cad-marlin-ots/CAD_INTERNAL/FREECAD_FILES/Assemblies/MARLIN_Core_OTS_SubAssembly_PCBStack.FCStd,1
BTN_KMR2_4.6X2.009,,D:/Work/ArribadaInitiative/2026/cad-marlin-ots/CAD_INTERNAL/FREECAD_FILES/Assemblies/MARLIN_Core_OTS_SubAssembly_PCBStack.FCStd,1
SOT23-5,,D:/Work/ArribadaInitiative/2026/cad-marlin-ots/CAD_INTERNAL/FREECAD_FILES/Assemblies/MARLIN_Core_OTS_SubAssembly_PCBStack.FCStd,1
SOT23-006,,D:/Work/ArribadaInitiative/2026/cad-marlin-ots/CAD_INTERNAL/FREECAD_FILES/Assemblies/MARLIN_Core_OTS_SubAssembly_PCBStack.FCStd,1
CHIPLED_0805_NOOUTLINE,,D:/Work/ArribadaInitiative/2026/cad-marlin-ots/CAD_INTERNAL/FREECAD_FILES/Assemblies/MARLIN_Core_OTS_SubAssembly_PCBStack.FCStd,1
CHIPLED_0805_NOOUTLINE001,,D:/Work/ArribadaInitiative/2026/cad-marlin-ots/CAD_INTERNAL/FREECAD_FILES/Assemblies/MARLIN_Core_OTS_SubAssembly_PCBStack.FCStd,1
CHIPLED_0805_NOOUTLINE002,,D:/Work/ArribadaInitiative/2026/cad-marlin-ots/CAD_INTERNAL/FREECAD_FILES/Assemblies/MARLIN_Core_OTS_SubAssembly_PCBStack.FCStd,1
JSTPH007,,D:/Work/ArribadaInitiative/2026/cad-marlin-ots/CAD_INTERNAL/FREECAD_FILES/Assemblies/MARLIN_Core_OTS_SubAssembly_PCBStack.FCStd,1
JSTPH2,,D:/Work/ArribadaInitiative/2026/cad-marlin-ots/CAD_INTERNAL/FREECAD_FILES/Assemblies/MARLIN_Core_OTS_SubAssembly_PCBStack.FCStd,1
JSTPH003,,D:/Work/ArribadaInitiative/2026/cad-marlin-ots/CAD_INTERNAL/FREECAD_FILES/Assemblies/MARLIN_Core_OTS_SubAssembly_PCBStack.FCStd,1
JSTPH004,,D:/Work/ArribadaInitiative/2026/cad-marlin-ots/CAD_INTERNAL/FREECAD_FILES/Assemblies/MARLIN_Core_OTS_SubAssembly_PCBStack.FCStd,1
JSTPH005,,D:/Work/ArribadaInitiative/2026/cad-marlin-ots/CAD_INTERNAL/FREECAD_FILES/Assemblies/MARLIN_Core_OTS_SubAssembly_PCBStack.FCStd,1
JSTPH006,,D:/Work/ArribadaInitiative/2026/cad-marlin-ots/CAD_INTERNAL/FREECAD_FILES/Assemblies/MARLIN_Core_OTS_SubAssembly_PCBStack.FCStd,1
4UCONN_20329_V2,,D:/Work/ArribadaInitiative/2026/cad-marlin-ots/CAD_INTERNAL/FREECAD_FILES/Assemblies/MARLIN_Core_OTS_SubAssembly_PCBStack.FCStd,1
SOD-123,,D:/Work/ArribadaInitiative/2026/cad-marlin-ots/CAD_INTERNAL/FREECAD_FILES/Assemblies/MARLIN_Core_OTS_SubAssembly_PCBStack.FCStd,1
SOT23-R,,D:/Work/ArribadaInitiative/2026/cad-marlin-ots/CAD_INTERNAL/FREECAD_FILES/Assemblies/MARLIN_Core_OTS_SubAssembly_PCBStack.FCStd,1
MDBT053,,D:/Work/ArribadaInitiative/2026/cad-marlin-ots/CAD_INTERNAL/FREECAD_FILES/Assemblies/MARLIN_Core_OTS_SubAssembly_PCBStack.FCStd,1
MDBT50,,D:/Work/ArribadaInitiative/2026/cad-marlin-ots/CAD_INTERNAL/FREECAD_FILES/Assemblies/MARLIN_Core_OTS_SubAssembly_PCBStack.FCStd,1
MDBT051,,D:/Work/ArribadaInitiative/2026/cad-marlin-ots/CAD_INTERNAL/FREECAD_FILES/Assemblies/MARLIN_Core_OTS_SubAssembly_PCBStack.FCStd,1
MDBT052,,D:/Work/ArribadaInitiative/2026/cad-marlin-ots/CAD_INTERNAL/FREECAD_FILES/Assemblies/MARLIN_Core_OTS_SubAssembly_PCBStack.FCStd,1
USON017,,D:/Work/ArribadaInitiative/2026/cad-marlin-ots/CAD_INTERNAL/FREECAD_FILES/Assemblies/MARLIN_Core_OTS_SubAssembly_PCBStack.FCStd,1
USON8,,D:/Work/ArribadaInitiative/2026/cad-marlin-ots/CAD_INTERNAL/FREECAD_FILES/Assemblies/MARLIN_Core_OTS_SubAssembly_PCBStack.FCStd,1
USON009,,D:/Work/ArribadaInitiative/2026/cad-marlin-ots/CAD_INTERNAL/FREECAD_FILES/Assemblies/MARLIN_Core_OTS_SubAssembly_PCBStack.FCStd,1
USON010,,D:/Work/ArribadaInitiative/2026/cad-marlin-ots/CAD_INTERNAL/FREECAD_FILES/Assemblies/MARLIN_Core_OTS_SubAssembly_PCBStack.FCStd,1
USON011,,D:/Work/ArribadaInitiative/2026/cad-marlin-ots/CAD_INTERNAL/FREECAD_FILES/Assemblies/MARLIN_Core_OTS_SubAssembly_PCBStack.FCStd,1
USON012,,D:/Work/ArribadaInitiative/2026/cad-marlin-ots/CAD_INTERNAL/FREECAD_FILES/Assemblies/MARLIN_Core_OTS_SubAssembly_PCBStack.FCStd,1
USON013,,D:/Work/ArribadaInitiative/2026/cad-marlin-ots/CAD_INTERNAL/FREECAD_FILES/Assemblies/MARLIN_Core_OTS_SubAssembly_PCBStack.FCStd,1
USON014,,D:/Work/ArribadaInitiative/2026/cad-marlin-ots/CAD_INTERNAL/FREECAD_FILES/Assemblies/MARLIN_Core_OTS_SubAssembly_PCBStack.FCStd,1
USON015,,D:/Work/ArribadaInitiative/2026/cad-marlin-ots/CAD_INTERNAL/FREECAD_FILES/Assemblies/MARLIN_Core_OTS_SubAssembly_PCBStack.FCStd,1
USON016,,D:/Work/ArribadaInitiative/2026/cad-marlin-ots/CAD_INTERNAL/FREECAD_FILES/Assemblies/MARLIN_Core_OTS_SubAssembly_PCBStack.FCStd,1
LED3535,,D:/Work/ArribadaInitiative/2026/cad-marlin-ots/CAD_INTERNAL/FREECAD_FILES/Assemblies/MARLIN_Core_OTS_SubAssembly_PCBStack.FCStd,1
0603-NO,,D:/Work/ArribadaInitiative/2026/cad-marlin-ots/CAD_INTERNAL/FREECAD_FILES/Assemblies/MARLIN_Core_OTS_SubAssembly_PCBStack.FCStd,1
0603-NO001,,D:/Work/ArribadaInitiative/2026/cad-marlin-ots/CAD_INTERNAL/FREECAD_FILES/Assemblies/MARLIN_Core_OTS_SubAssembly_PCBStack.FCStd,1
0603-NO002,,D:/Work/ArribadaInitiative/2026/cad-marlin-ots/CAD_INTERNAL/FREECAD_FILES/Assemblies/MARLIN_Core_OTS_SubAssembly_PCBStack.FCStd,1
0603-NO003,,D:/Work/ArribadaInitiative/2026/cad-marlin-ots/CAD_INTERNAL/FREECAD_FILES/Assemblies/MARLIN_Core_OTS_SubAssembly_PCBStack.FCStd,1
0603-NO004,,D:/Work/ArribadaInitiative/2026/cad-marlin-ots/CAD_INTERNAL/FREECAD_FILES/Assemblies/MARLIN_Core_OTS_SubAssembly_PCBStack.FCStd,1
0603-NO005,,D:/Work/ArribadaInitiative/2026/cad-marlin-ots/CAD_INTERNAL/FREECAD_FILES/Assemblies/MARLIN_Core_OTS_SubAssembly_PCBStack.FCStd,1
0603-NO006,,D:/Work/ArribadaInitiative/2026/cad-marlin-ots/CAD_INTERNAL/FREECAD_FILES/Assemblies/MARLIN_Core_OTS_SubAssembly_PCBStack.FCStd,1
0603-NO007,,D:/Work/ArribadaInitiative/2026/cad-marlin-ots/CAD_INTERNAL/FREECAD_FILES/Assemblies/MARLIN_Core_OTS_SubAssembly_PCBStack.FCStd,1
0603-NO008,,D:/Work/ArribadaInitiative/2026/cad-marlin-ots/CAD_INTERNAL/FREECAD_FILES/Assemblies/MARLIN_Core_OTS_SubAssembly_PCBStack.FCStd,1
0603-NO009,,D:/Work/ArribadaInitiative/2026/cad-marlin-ots/CAD_INTERNAL/FREECAD_FILES/Assemblies/MARLIN_Core_OTS_SubAssembly_PCBStack.FCStd,1
0603-NO010,,D:/Work/ArribadaInitiative/2026/cad-marlin-ots/CAD_INTERNAL/FREECAD_FILES/Assemblies/MARLIN_Core_OTS_SubAssembly_PCBStack.FCStd,1
0805-NO,,D:/Work/ArribadaInitiative/2026/cad-marlin-ots/CAD_INTERNAL/FREECAD_FILES/Assemblies/MARLIN_Core_OTS_SubAssembly_PCBStack.FCStd,1
0805-NO001,,D:/Work/ArribadaInitiative/2026/cad-marlin-ots/CAD_INTERNAL/FREECAD_FILES/Assemblies/MARLIN_Core_OTS_SubAssembly_PCBStack.FCStd,1
0805-NO002,,D:/Work/ArribadaInitiative/2026/cad-marlin-ots/CAD_INTERNAL/FREECAD_FILES/Assemblies/MARLIN_Core_OTS_SubAssembly_PCBStack.FCStd,1
0805-NO003,,D:/Work/ArribadaInitiative/2026/cad-marlin-ots/CAD_INTERNAL/FREECAD_FILES/Assemblies/MARLIN_Core_OTS_SubAssembly_PCBStack.FCStd,1
0805-NO004,,D:/Work/ArribadaInitiative/2026/cad-marlin-ots/CAD_INTERNAL/FREECAD_FILES/Assemblies/MARLIN_Core_OTS_SubAssembly_PCBStack.FCStd,1
_0805MP003,,D:/Work/ArribadaInitiative/2026/cad-marlin-ots/CAD_INTERNAL/FREECAD_FILES/Assemblies/MARLIN_Core_OTS_SubAssembly_PCBStack.FCStd,1
_0805MP,,D:/Work/ArribadaInitiative/2026/cad-marlin-ots/CAD_INTERNAL/FREECAD_FILES/Assemblies/MARLIN_Core_OTS_SubAssembly_PCBStack.FCStd,1
_0805MP001,,D:/Work/ArribadaInitiative/2026/cad-marlin-ots/CAD_INTERNAL/FREECAD_FILES/Assemblies/MARLIN_Core_OTS_SubAssembly_PCBStack.FCStd,1
_0805MP002,,D:/Work/ArribadaInitiative/2026/cad-marlin-ots/CAD_INTERNAL/FREECAD_FILES/Assemblies/MARLIN_Core_OTS_SubAssembly_PCBStack.FCStd,1
RESPACK_4X0603,,D:/Work/ArribadaInitiative/2026/cad-marlin-ots/CAD_INTERNAL/FREECAD_FILES/Assemblies/MARLIN_Core_OTS_SubAssembly_PCBStack.FCStd,1
CR1220_Battery,,D:/Work/ArribadaInitiative/2026/cad-marlin-ots/CAD_INTERNAL/FREECAD_FILES/Assemblies/MARLIN_Core_OTS_SubAssembly_PCBStack.FCStd,2
AdafruitDS3231,,D:/Work/ArribadaInitiative/2026/cad-marlin-ots/CAD_INTERNAL/FREECAD_FILES/Assemblies/MARLIN_Core_OTS_SubAssembly_PCBStack.FCStd,2
Adafruit2830Header002,,D:/Work/ArribadaInitiative/2026/cad-marlin-ots/CAD_INTERNAL/FREECAD_FILES/Assemblies/MARLIN_Core_OTS_SubAssembly_PCBStack.FCStd,2
Adafruit2830Header,,D:/Work/ArribadaInitiative/2026/cad-marlin-ots/CAD_INTERNAL/FREECAD_FILES/Assemblies/MARLIN_Core_OTS_SubAssembly_PCBStack.FCStd,1
Adafruit2830Header001,,D:/Work/ArribadaInitiative/2026/cad-marlin-ots/CAD_INTERNAL/FREECAD_FILES/Assemblies/MARLIN_Core_OTS_SubAssembly_PCBStack.FCStd,1
PCBStackPlate,,D:/Work/ArribadaInitiative/2026/cad-marlin-ots/CAD_INTERNAL/FREECAD_FILES/Assemblies/MARLIN_Core_OTS_SubAssembly_PCBStack.FCStd,2
504849-HPS-4-2.2-5-POM-BL,,D:/Work/ArribadaInitiative/2026/cad-marlin-ots/CAD_INTERNAL/FREECAD_FILES/Assemblies/MARLIN_Core_OTS_SubAssembly_PCBStack.FCStd,2
504849-HPS-4-2.2-5-POM-BL001,,D:/Work/ArribadaInitiative/2026/cad-marlin-ots/CAD_INTERNAL/FREECAD_FILES/Assemblies/MARLIN_Core_OTS_SubAssembly_PCBStack.FCStd,2
504849-HPS-4-2.2-5-POM-BL002,,D:/Work/ArribadaInitiative/2026/cad-marlin-ots/CAD_INTERNAL/FREECAD_FILES/Assemblies/MARLIN_Core_OTS_SubAssembly_PCBStack.FCStd,2
LCDDisplay,,D:/Work/ArribadaInitiative/2026/cad-marlin-ots/CAD_INTERNAL/FREECAD_FILES/Assemblies/Marlin_Core_OTS_SubAssembly_PowerPlate.FCStd,1
LCDDisplay,,D:/Work/ArribadaInitiative/2026/cad-marlin-ots/CAD_INTERNAL/FREECAD_FILES/Assemblies/MARLIN_Core_OTS_SubAssembly_LCDDisplay.FCStd,1
K01-004,,D:/Work/ArribadaInitiative/2026/cad-marlin-ots/CAD_INTERNAL/FREECAD_FILES/Assemblies/MARLIN_Core_OTS_SubAssembly_LCDDisplay.FCStd,2
K01-2,,D:/Work/ArribadaInitiative/2026/cad-marlin-ots/CAD_INTERNAL/FREECAD_FILES/Assemblies/MARLIN_Core_OTS_SubAssembly_LCDDisplay.FCStd,1
K01-003,,D:/Work/ArribadaInitiative/2026/cad-marlin-ots/CAD_INTERNAL/FREECAD_FILES/Assemblies/MARLIN_Core_OTS_SubAssembly_LCDDisplay.FCStd,1
LCDPlate,,D:/Work/ArribadaInitiative/2026/cad-marlin-ots/CAD_INTERNAL/FREECAD_FILES/Assemblies/MARLIN_Core_OTS_SubAssembly_LCDDisplay.FCStd,2
9245-SPP-M2-12-A2,,D:/Work/ArribadaInitiative/2026/cad-marlin-ots/CAD_INTERNAL/FREECAD_FILES/Assemblies/Marlin_Core_OTS_SubAssembly_PowerPlate.FCStd,6
464707-HHTPS-M3-5-40-S-Z004,,D:/Work/ArribadaInitiative/2026/cad-marlin-ots/CAD_INTERNAL/FREECAD_FILES/Assemblies/Marlin_Core_OTS_SubAssembly_PowerPlate.FCStd,1
464707-HHTPS-M3-5-40-S-Z005,,D:/Work/ArribadaInitiative/2026/cad-marlin-ots/CAD_INTERNAL/FREECAD_FILES/Assemblies/Marlin_Core_OTS_SubAssembly_PowerPlate.FCStd,1
464707-HHTPS-M3-5-40-S-Z006,,D:/Work/ArribadaInitiative/2026/cad-marlin-ots/CAD_INTERNAL/FREECAD_FILES/Assemblies/Marlin_Core_OTS_SubAssembly_PowerPlate.FCStd,1
464707-HHTPS-M3-5-40-S-Z007,,D:/Work/ArribadaInitiative/2026/cad-marlin-ots/CAD_INTERNAL/FREECAD_FILES/Assemblies/Marlin_Core_OTS_SubAssembly_PowerPlate.FCStd,1
65375-SIP-M2-6-A007,,D:/Work/ArribadaInitiative/2026/cad-marlin-ots/CAD_INTERNAL/FREECAD_FILES/Assemblies/Marlin_Core_OTS_SubAssembly_PowerPlate.FCStd,1
9398-SPP-M3-12-A4,,D:/Work/ArribadaInitiative/2026/cad-marlin-ots/CAD_INTERNAL/FREECAD_FILES/Assemblies/Marlin_Core_OTS_SubAssembly_PowerPlate.FCStd,1
9398-SPP-M3-12-A005,,D:/Work/ArribadaInitiative/2026/cad-marlin-ots/CAD_INTERNAL/FREECAD_FILES/Assemblies/Marlin_Core_OTS_SubAssembly_PowerPlate.FCStd,1
9398-SPP-M3-12-A006,,D:/Work/ArribadaInitiative/2026/cad-marlin-ots/CAD_INTERNAL/FREECAD_FILES/Assemblies/Marlin_Core_OTS_SubAssembly_PowerPlate.FCStd,1
9398-SPP-M3-12-A007,,D:/Work/ArribadaInitiative/2026/cad-marlin-ots/CAD_INTERNAL/FREECAD_FILES/Assemblies/Marlin_Core_OTS_SubAssembly_PowerPlate.FCStd,1
9398-SPP-M3-12-A008,,D:/Work/ArribadaInitiative/2026/cad-marlin-ots/CAD_INTERNAL/FREECAD_FILES/Assemblies/Marlin_Core_OTS_SubAssembly_PowerPlate.FCStd,1
9398-SPP-M3-12-A009,,D:/Work/ArribadaInitiative/2026/cad-marlin-ots/CAD_INTERNAL/FREECAD_FILES/Assemblies/Marlin_Core_OTS_SubAssembly_PowerPlate.FCStd,1
9398-SPP-M3-12-A010,,D:/Work/ArribadaInitiative/2026/cad-marlin-ots/CAD_INTERNAL/FREECAD_FILES/Assemblies/Marlin_Core_OTS_SubAssembly_PowerPlate.FCStd,1
9398-SPP-M3-12-A011,,D:/Work/ArribadaInitiative/2026/cad-marlin-ots/CAD_INTERNAL/FREECAD_FILES/Assemblies/Marlin_Core_OTS_SubAssembly_PowerPlate.FCStd,1
9398-SPP-M3-12-A012,,D:/Work/ArribadaInitiative/2026/cad-marlin-ots/CAD_INTERNAL/FREECAD_FILES/Assemblies/Marlin_Core_OTS_SubAssembly_PowerPlate.FCStd,1
9398-SPP-M3-12-A013,,D:/Work/ArribadaInitiative/2026/cad-marlin-ots/CAD_INTERNAL/FREECAD_FILES/Assemblies/Marlin_Core_OTS_SubAssembly_PowerPlate.FCStd,1
9398-SPP-M3-12-A014,,D:/Work/ArribadaInitiative/2026/cad-marlin-ots/CAD_INTERNAL/FREECAD_FILES/Assemblies/Marlin_Core_OTS_SubAssembly_PowerPlate.FCStd,1
9398-SPP-M3-12-A015,,D:/Work/ArribadaInitiative/2026/cad-marlin-ots/CAD_INTERNAL/FREECAD_FILES/Assemblies/Marlin_Core_OTS_SubAssembly_PowerPlate.FCStd,1
9398-SPP-M3-12-A016,,D:/Work/ArribadaInitiative/2026/cad-marlin-ots/CAD_INTERNAL/FREECAD_FILES/Assemblies/Marlin_Core_OTS_SubAssembly_PowerPlate.FCStd,1
9398-SPP-M3-12-A017,,D:/Work/ArribadaInitiative/2026/cad-marlin-ots/CAD_INTERNAL/FREECAD_FILES/Assemblies/Marlin_Core_OTS_SubAssembly_PowerPlate.FCStd,1
9398-SPP-M3-12-A018,,D:/Work/ArribadaInitiative/2026/cad-marlin-ots/CAD_INTERNAL/FREECAD_FILES/Assemblies/Marlin_Core_OTS_SubAssembly_PowerPlate.FCStd,1
9398-SPP-M3-12-A019,,D:/Work/ArribadaInitiative/2026/cad-marlin-ots/CAD_INTERNAL/FREECAD_FILES/Assemblies/Marlin_Core_OTS_SubAssembly_PowerPlate.FCStd,1
